Router_IP,Static_IP,Client_ID
10.7.87.1,host 10.7.87.20 255.255.255.0,client-identifier 0100.2b67.3e6c.be
10.6.238.1,host 10.6.238.20 255.255.255.0,client-identifier 0100.2b67.3dc2.ca
10.7.90.1,host 10.7.90.20 255.255.255.0,client-identifier 01f8.75a4.b593.df
10.7.111.1,host 10.7.111.20 255.255.255.0,client-identifier 01f8.75a4.92bf.b9
10.7.7.1,host 10.7.7.20 255.255.255.0,client-identifier 01f8.75a4.debe.5c
10.7.125.1,host 10.7.125.20 255.255.255.0,client-identifier 01f8.75a4.a82c.23
10.6.107.1,host 10.6.107.20 255.255.255.0,client-identifier 01f8.75a4.bd4e.6c
10.6.96.1,host 10.6.96.20 255.255.255.0,client-identifier 01f8.75a4.a832.44
10.7.110.1,host 10.7.110.20 255.255.255.0,client-identifier 01f8.75a4.83ed.8c
10.7.10.1,host 10.7.10.20 255.255.255.0,client-identifier 01f8.75a4.bd5c.23
10.7.13.1,host 10.7.13.20 255.255.255.0,client-identifier 01f8.75a4.ab13.84
10.7.6.1,host 10.7.6.20 255.255.255.0,client-identifier 01f8.75a4.bd51.e4
10.7.247.1,host 10.7.247.20 255.255.255.0,client-identifier 01f8.75a4.b593.be
10.7.124.1,host 10.7.124.20 255.255.255.0,client-identifier 01f8.75a4.deae.a1
10.7.89.1,host 10.7.89.20 255.255.255.0,client-identifier 01f8.75a4.b595.8d
10.6.231.1,host 10.6.231.20 255.255.255.0,client-identifier 01f8.75a4.bd5c.f8
10.7.240.1,host 10.7.240.20 255.255.255.0,client-identifier 0100.2b67.4124.48
10.7.9.1,host 10.7.9.20 255.255.255.0,client-identifier 01f8.75a4.99ad.81
10.7.251.1,host 10.7.251.20 255.255.255.0,client-identifier 01f8.75a4.96b0.e1
10.8.67.1,host 10.8.67.20 255.255.255.0,client-identifier 01f8.75a4.bd5c.52
10.6.239.1,host 10.6.239.20 255.255.255.0,client-identifier 0100.2b67.4ea3.dd
10.6.81.1,host 10.6.81.20 255.255.255.0,client-identifier 01f8.75a4.a830.ad
10.7.88.1,host 10.7.88.20 255.255.255.0,client-identifier 0100.2b67.3dbf.2c
10.7.246.1,host 10.7.246.20 255.255.255.0,client-identifier 01f8.75a4.99c2.d6
10.7.249.1,host 10.7.249.20 255.255.255.0,client-identifier 0100.2b67.3dc1.7a
10.8.14.1,host 10.8.14.20 255.255.255.0,client-identifier 01f8.75a4.bd59.87
10.8.2.1,host 10.8.2.20 255.255.255.0,client-identifier 01f8.75a4.96bb.f1
10.7.114.1,host 10.7.114.20 255.255.255.0,client-identifier 0100.2b67.4127.fe
10.6.87.1,host 10.6.87.20 255.255.255.0,client-identifier 0100.2b67.51b7.80
10.6.101.1,host 10.6.101.20 255.255.255.0,client-identifier 0100.2b67.3dc7.95
10.6.76.1,host 10.6.76.20 255.255.255.0,client-identifier 0194.c691.3c4e.76
10.7.234.1,host 10.7.234.20 255.255.255.0,client-identifier 01f8.75a4.b58f.c9
10.7.253.1,host 10.7.253.20 255.255.255.0,client-identifier 01f8.75a4.9a13.ac
10.6.80.1,host 10.6.80.20 255.255.255.0,client-identifier 01f8.75a4.96c3.92
10.6.99.1,host 10.6.99.20 255.255.255.0,client-identifier 01f8.75a4.99bd.3a
10.6.147.1,host 10.6.147.20 255.255.255.0,client-identifier 01f8.75a4.a830.32
10.7.239.1,host 10.7.239.20 255.255.255.0,client-identifier 01f8.75a4.d77b.36
10.8.69.1,host 10.8.69.20 255.255.255.0,client-identifier 016c.248.4b61.bb
10.7.252.1,host 10.7.252.20 255.255.255.0,client-identifier 01f8.75a4.99bf.6c
10.8.7.1,host 10.8.7.20 255.255.255.0,client-identifier 01f8.75a4.bd5b.9e
10.6.210.1,host 10.6.210.20 255.255.255.0,client-identifier 01f8.75a4.92ac.dc
10.6.153.1,host 10.6.153.20 255.255.255.0,client-identifier 0100.2b67.3dbd.95
10.6.68.1,host 10.6.68.20 255.255.255.0,client-identifier 0100.2b67.5a87.8c
10.8.50.1,host 10.8.50.20 255.255.255.0,client-identifier 01f8.75a4.88aa.0c
10.7.255.1,host 10.7.255.20 255.255.255.0,client-identifier 0100.2b67.4e9f.f1
10.6.46.1,host 10.6.46.20 255.255.255.0,client-identifier 0100.2b67.4128.49
10.7.69.1,host 10.7.69.20 255.255.255.0,client-identifier 01f8.75a4.d774.bd
10.7.192.1,host 10.7.192.20 255.255.255.0,client-identifier 01f8.75a4.d77c.fc
10.6.111.1,host 10.6.111.20 255.255.255.0,client-identifier 0100.2b67.3e63.7d
10.8.27.1,host 10.8.27.20 255.255.255.0,client-identifier 0100.2b67.4ea4.8
10.7.70.1,host 10.7.70.20 255.255.255.0,client-identifier 0100.2b67.4c30.dc
10.6.112.1,host 10.6.112.20 255.255.255.0,client-identifier 0100.2b67.4c30.e6
10.7.225.1,host 10.7.225.20 255.255.255.0,client-identifier 0100.2b67.3035.a1
10.6.114.1,host 10.6.114.20 255.255.255.0,client-identifier 01f8.75a4.d77a.f9
10.8.13.1,host 10.8.13.20 255.255.255.0,client-identifier 01f8.75a4.869f.23
10.6.47.1,host 10.6.47.20 255.255.255.0,client-identifier 01f8.75a4.92b1.cf
10.7.163.1,host 10.7.163.20 255.255.255.0,client-identifier 0100.2b67.4124.7f
10.6.161.1,host 10.6.161.20 255.255.255.0,client-identifier 0100.2b67.4c2b.cf
10.7.193.1,host 10.7.193.20 255.255.255.0,client-identifier 01f8.75a4.b59a.34
10.7.144.1,host 10.7.144.20 255.255.255.0,client-identifier 0100.2b67.538f.68
10.7.226.1,host 10.7.226.20 255.255.255.0,client-identifier 01f8.75a4.b59e.f8
10.7.165.1,host 10.7.165.20 255.255.255.0,client-identifier 01f8.75a4.b597.e4
10.6.130.1,host 10.6.130.20 255.255.255.0,client-identifier 01f8.75a4.99bf.50
10.7.53.1,host 10.7.53.20 255.255.255.0,client-identifier 0100.2b67.4c2b.ca
10.8.28.1,host 10.8.28.20 255.255.255.0,client-identifier 0100.2b67.4124.8a
10.7.133.1,host 10.7.133.20 255.255.255.0,client-identifier 0100.2b67.51bc.7e
10.6.151.1,host 10.6.151.20 255.255.255.0,client-identifier 01f8.75a4.92ab.7e
10.6.220.1,host 10.6.220.20 255.255.255.0,client-identifier 01f8.75a4.96c1.c2
10.7.167.1,host 10.7.167.20 255.255.255.0,client-identifier 0100.2b67.3e6a.0c
10.7.146.1,host 10.7.146.20 255.255.255.0,client-identifier 0100.2b67.3030.4e
10.7.229.1,host 10.7.229.20 255.255.255.0,client-identifier 01f8.75a4.d770.89
10.8.109.1,host 10.8.109.20 255.255.255.0,client-identifier 0100.2b67.45b5.86
10.7.230.1,host 10.7.230.20 255.255.255.0,client-identifier 0100.2b67.3dc4.12
10.7.109.1,host 10.7.109.20 255.255.255.0,client-identifier 0100.2b67.4125.37
10.6.221.1,host 10.6.221.20 255.255.255.0,client-identifier 01f8.75a4.bd5a.b3
10.6.222.1,host 10.6.222.20 255.255.255.0,client-identifier 01f8.75a4.a82b.87
10.6.83.1,host 10.6.83.20 255.255.255.0,client-identifier 01a4.bb6d.7f84.03
10.8.112.1,host 10.8.112.20 255.255.255.0,client-identifier 01f8.75a4.8ca6.0d
10.6.50.1,host 10.6.50.20 255.255.255.0,client-identifier 0100.2b67.4ea8.53
10.7.148.1,host 10.7.148.20 255.255.255.0,client-identifier 01f8.75a4.4856.b6
10.7.149.1,host 10.7.149.20 255.255.255.0,client-identifier 01f8.75a4.bd59.98
10.7.198.1,host 10.7.198.20 255.255.255.0,client-identifier 0100.2b67.4c2d.6c
10.7.232.1,host 10.7.232.20 255.255.255.0,client-identifier 01f8.75a4.d77d.07
10.7.199.1,host 10.7.199.20 255.255.255.0,client-identifier 0100.2b67.3e6a.26
10.7.242.1,host 10.7.242.20 255.255.255.0,client-identifier 0100.2b67.4124.79
10.7.169.1,host 10.7.169.20 255.255.255.0,client-identifier 01f8.75a4.b092.41
10.8.16.1,host 10.8.16.20 255.255.255.0,client-identifier 01f8.75a4.9a13.b8
10.6.213.1,host 10.6.213.20 255.255.255.0,client-identifier 0100.2b67.3e66.77
10.6.52.1,host 10.6.52.20 255.255.255.0,client-identifier 01f8.75a4.8c9a.8f
10.7.233.1,host 10.7.233.20 255.255.255.0,client-identifier 01f8.75a4.b593.ca
10.7.200.1,host 10.7.200.20 255.255.255.0,client-identifier 0100.2b67.37f4.54
10.6.214.1,host 10.6.214.20 255.255.255.0,client-identifier 0100.2b67.4c37.fb
10.8.38.1,host 10.8.38.20 255.255.255.0,client-identifier 0100.2b67.33d6.24
10.6.164.1,host 10.6.164.20 255.255.255.0,client-identifier 0100.2b67.4c1a.95
10.6.118.1,host 10.6.118.20 255.255.255.0,client-identifier 01f8.75a4.d770.6c
10.6.165.1,host 10.6.165.20 255.255.255.0,client-identifier 0100.2b67.45b6.15
10.6.119.1,host 10.6.119.20 255.255.255.0,client-identifier 01f8.75a4.d77b.0c
10.7.48.1,host 10.7.48.20 255.255.255.0,client-identifier 01f8.75a4.99b6.26
10.6.132.1,host 10.6.132.20 255.255.255.0,client-identifier 0100.2b67.4ea9.2c
10.8.76.1,host 10.8.76.20 255.255.255.0,client-identifier 0100.2b67.3dc5.7c
10.7.135.1,host 10.7.135.20 255.255.255.0,client-identifier 0100.2b67.33d5.67
10.6.33.1,host 10.6.33.20 255.255.255.0,client-identifier 01f8.75a4.c58e.88
10.7.152.1,host 10.7.152.20 255.255.255.0,client-identifier 0100.2b67.33d6.0a
10.6.224.1,host 10.6.224.20 255.255.255.0,client-identifier 0118.66da.177a.38
10.6.120.1,host 10.6.120.20 255.255.255.0,client-identifier 01f8.75a4.b594.e7
10.6.215.1,host 10.6.215.20 255.255.255.0,client-identifier 01f8.75a4.939d.0e
10.8.3.1,host 10.8.3.20 255.255.255.0,client-identifier 0100.2b67.4c19.e5
10.8.31.1,host 10.8.31.20 255.255.255.0,client-identifier 0100.2b67.4124.de
10.7.136.1,host 10.7.136.20 255.255.255.0,client-identifier 0100.2b67.3034.39
10.7.76.1,host 10.7.76.20 255.255.255.0,client-identifier 0100.2b67.3dc6.a5
10.7.77.1,host 10.7.77.20 255.255.255.0,client-identifier 01f8.75a4.b597.f2
10.7.203.1,host 10.7.203.20 255.255.255.0,client-identifier 01f8.75a4.b59e.38
10.6.55.1,host 10.6.55.20 255.255.255.0,client-identifier 0100.2b67.4128.e4
10.6.122.1,host 10.6.122.20 255.255.255.0,client-identifier 01f8.75a4.d2fd.f0
10.7.78.1,host 10.7.78.20 255.255.255.0,client-identifier 01f8.75a4.b599.24
10.6.217.1,host 10.6.217.20 255.255.255.0,client-identifier 0100.2b67.4124.5a
10.6.179.1,host 10.6.179.20 255.255.255.0,client-identifier 0100.2b67.5a87.87
10.7.236.1,host 10.7.236.20 255.255.255.0,client-identifier 01f8.75a4.d77d.0d
10.6.36.1,host 10.6.36.20 255.255.255.0,client-identifier 01f8.75a4.9a18.c0
10.6.248.1,host 10.6.248.20 255.255.255.0,client-identifier 01f8.75a4.2a63.85
10.7.62.1,host 10.7.62.20 255.255.255.0,client-identifier 01f8.75a4.bd4e.52
10.6.123.1,host 10.6.123.20 255.255.255.0,client-identifier 01f8.75a4.b59a.37
10.7.50.1,host 10.7.50.20 255.255.255.0,client-identifier 01f8.75a4.bd4f.11
10.7.205.1,host 10.7.205.20 255.255.255.0,client-identifier 0100.2b67.5a90.2e
10.7.51.1,host 10.7.51.20 255.255.255.0,client-identifier 01f8.75a4.938f.77
10.7.52.1,host 10.7.52.20 255.255.255.0,client-identifier 01f8.75a4.bd52.61
10.6.58.1,host 10.6.58.20 255.255.255.0,client-identifier 01f8.75a4.debd.63
10.6.37.1,host 10.6.37.20 255.255.255.0,client-identifier 01f8.75a4.99b1.1f
10.7.172.1,host 10.7.172.20 255.255.255.0,client-identifier 01f8.75a4.d77b.15
10.7.80.1,host 10.7.80.20 255.255.255.0,client-identifier 0100.2b67.3dc4.d8
10.7.81.1,host 10.7.81.20 255.255.255.0,client-identifier 01f8.75a4.b593.97
10.7.173.1,host 10.7.173.20 255.255.255.0,client-identifier 01f8.75a4.b595.81
10.8.6.1,host 10.8.6.20 255.255.255.0,client-identifier 0194.c691.f064.51
10.8.40.1,host 10.8.40.20 255.255.255.0,client-identifier 01f8.75a4.bd4f.76
10.7.238.1,host 10.7.238.20 255.255.255.0,client-identifier 01f8.75a4.d77b.59
10.6.227.1,host 10.6.227.20 255.255.255.0,client-identifier 01f8.75a4.bd50.d7
10.7.174.1,host 10.7.174.20 255.255.255.0,client-identifier 01f8.75a4.d2fc.e3
10.7.158.1,host 10.7.158.20 255.255.255.0,client-identifier 0100.2b67.3035.0f
10.7.159.1,host 10.7.159.20 255.255.255.0,client-identifier 0198.fa9b.e92e.47
10.6.124.1,host 10.6.124.20 255.255.255.0,client-identifier 01f8.75a4.b594.ec
10.7.176.1,host 10.7.176.20 255.255.255.0,client-identifier 01f8.75a4.d2fd.fb
10.7.177.1,host 10.7.177.20 255.255.255.0,client-identifier 0100.2b67.3e6a.05
10.6.74.1,host 10.6.74.20 255.255.255.0,client-identifier 01f8.75a4.d2e0.2b
10.7.178.1,host 10.7.178.20 255.255.255.0,client-identifier 0100.2b67.3e6c.73
10.7.92.1,host 10.7.92.20 255.255.255.0,client-identifier 01f8.75a4.debf.31
10.8.100.1,host 10.8.100.20 255.255.255.0,client-identifier 01f8.75a4.bd54.2d
10.6.184.1,host 10.6.184.20 255.255.255.0,client-identifier 0100.2b67.5a87.7f
10.7.202.1,host 10.7.202.20 255.255.255.0,client-identifier 0100.2b67.4c30.d0
10.6.44.1,host 10.6.44.20 255.255.255.0,client-identifier 01f8.75a4.9a11.bb
10.8.33.1,host 10.8.33.20 255.255.255.0,client-identifier 01f8.75a4.b59a.21
10.6.168.1,host 10.6.168.20 255.255.255.0,client-identifier 01f8.75a4.d2fb.19
10.6.61.1,host 10.6.61.20 255.255.255.0,client-identifier 0100.2b67.4128.46
10.7.186.1,host 10.7.186.20 255.255.255.0,client-identifier 01f8.75a4.bd5a.7d
10.7.82.1,host 10.7.82.20 255.255.255.0,client-identifier 01f8.75a4.c58f.3a
10.6.45.1,host 10.6.45.20 255.255.255.0,client-identifier 0100.2b67.3e6f.2a
10.8.49.1,host 10.8.49.20 255.255.255.0,client-identifier 0194.c691.f06a.50
10.6.154.1,host 10.6.154.20 255.255.255.0,client-identifier 01f8.75a4.99b9.1d
10.7.181.1,host 10.7.181.20 255.255.255.0,client-identifier 01f8.75a4.939c.1d
10.8.111.1,host 10.8.111.20 255.255.255.0,client-identifier 01f8.75a4.deac.cc
10.6.104.1,host 10.6.104.20 255.255.255.0,client-identifier 01f8.75a4.dea6.0d
10.6.173.1,host 10.6.173.20 255.255.255.0,client-identifier 0100.2b67.45bd.d9
10.7.227.1,host 10.7.227.20 255.255.255.0,client-identifier 01f8.75a4.d2fd.ed
10.6.174.1,host 10.6.174.20 255.255.255.0,client-identifier 0100.2b67.4e9f.58
10.8.62.1,host 10.8.62.20 255.255.255.0,client-identifier 01f8.75a4.bac4.85
10.6.70.1,host 10.6.70.20 255.255.255.0,client-identifier 0100.2b67.5a87.69
10.6.156.1,host 10.6.156.20 255.255.255.0,client-identifier 01f8.75a4.99c2.ca
10.6.131.1,host 10.6.131.20 255.255.255.0,client-identifier 0100.2b67.33d2.cb
10.7.171.1,host 10.7.171.20 255.255.255.0,client-identifier 0100.2b67.4c38.f5
10.7.235.1,host 10.7.235.20 255.255.255.0,client-identifier 0100.2b67.4c34.d4
10.8.53.1,host 10.8.53.20 255.255.255.0,client-identifier 01f8.75a4.d2fb.f6
10.6.155.1,host 10.6.155.20 255.255.255.0,client-identifier 01f8.75a4.8cb5.68
10.6.225.1,host 10.6.225.20 255.255.255.0,client-identifier 01f8.75a4.dead.9c
10.7.179.1,host 10.7.179.20 255.255.255.0,client-identifier 01f8.75a4.d770.80
10.8.24.1,host 10.8.24.20 255.255.255.0,client-identifier 01f8.75a4.99b5.00
10.6.86.1,host 10.6.86.20 255.255.255.0,client-identifier 01f8.75a4.bd5b.8a
10.6.223.1,host 10.6.223.20 255.255.255.0,client-identifier 01f8.75a4.99c2.04
10.6.246.1,host 10.6.246.20 255.255.255.0,client-identifier 01f8.75a4.a836.5d
10.7.19.1,host 10.7.19.20 255.255.255.0,client-identifier 01f8.75a4.dea3.01
10.7.94.1,host 10.7.94.20 255.255.255.0,client-identifier 01f8.75a4.9a16.f7
10.7.95.1,host 10.7.95.20 255.255.255.0,client-identifier 01f8.75a4.b595.32
10.8.19.1,host 10.8.19.20 255.255.255.0,client-identifier 01f8.75a4.99b3.e7
10.8.21.1,host 10.8.21.20 255.255.255.0,client-identifier 01f8.75a4.92a5.2b
10.6.208.1,host 10.6.208.20 255.255.255.0,client-identifier 0100.2b67.4c25.39
10.6.84.1,host 10.6.84.20 255.255.255.0,client-identifier 0100.2b67.4128.3e
10.6.100.1,host 10.6.100.20 255.255.255.0,client-identifier 0100.2b67.4ea9.34
10.6.146.1,host 10.6.146.20 255.255.255.0,client-identifier 01f8.75a4.a834.94
10.6.200.1,host 10.6.200.20 255.255.255.0,client-identifier 01f8.75a4.a830.e6
10.6.205.1,host 10.6.205.20 255.255.255.0,client-identifier 01f8.75a4.a832.1e
10.6.218.1,host 10.6.218.20 255.255.255.0,client-identifier 0100.2b67.3e66.1a
10.7.103.1,host 10.7.103.20 255.255.255.0,client-identifier 01f8.75a4.b594.be
10.8.17.1,host 10.8.17.20 255.255.255.0,client-identifier 01f8.75a4.debf.39
10.6.91.1,host 10.6.91.20 255.255.255.0,client-identifier 0100.2b67.5a91.2d
10.6.149.1,host 10.6.149.20 255.255.255.0,client-identifier 01f8.75a4.92b4.8b
10.6.209.1,host 10.6.209.20 255.255.255.0,client-identifier 01f8.75a4.8ca2.ff
10.6.216.1,host 10.6.216.20 255.255.255.0,client-identifier 0100.2b67.4c2e.bb
10.6.244.1,host 10.6.244.20 255.255.255.0,client-identifier 01f8.75a4.bd51.04
10.8.8.1,host 10.8.8.20 255.255.255.0,client-identifier 0100.2b67.4ea4.d7
10.6.188.1,host 10.6.188.20 255.255.255.0,client-identifier 0118.66da.16e9.61
10.8.23.1,host 10.8.23.20 255.255.255.0,client-identifier 01a4.bb6d.7ec1.bc
10.6.8.1,host 10.6.8.20 255.255.255.0,client-identifier 01f8.75a4.d778.86
10.6.9.1,host 10.6.9.20 255.255.255.0,client-identifier 01f8.75a4.bd5c.36
10.6.10.1,host 10.6.10.20 255.255.255.0,client-identifier 01f8.75a4.d778.79
10.6.11.1,host 10.6.11.20 255.255.255.0,client-identifier 0100.2b67.3dc5.5e
10.6.12.1,host 10.6.12.20 255.255.255.0,client-identifier 01f8.75a4.d2fd.1e
10.6.13.1,host 10.6.13.20 255.255.255.0,client-identifier 01f8.75a4.d776.23
10.6.14.1,host 10.6.14.20 255.255.255.0,client-identifier 01f8.75a4.debf.35
10.6.15.1,host 10.6.15.20 255.255.255.0,client-identifier 01f8.75a4.bd5a.a8
10.6.16.1,host 10.6.16.20 255.255.255.0,client-identifier 01f8.75a4.d77d.0c
10.6.17.1,host 10.6.17.20 255.255.255.0,client-identifier 01f8.75a4.d77c.0e
10.6.18.1,host 10.6.18.20 255.255.255.0,client-identifier 01f8.75a4.bd59.71
10.6.19.1,host 10.6.19.20 255.255.255.0,client-identifier 01f8.75a4.bd5c.70
10.6.20.1,host 10.6.20.20 255.255.255.0,client-identifier 01f8.75a4.bd4d.85
10.6.21.1,host 10.6.21.20 255.255.255.0,client-identifier 01f8.75a4.bd52.f3
10.6.22.1,host 10.6.22.20 255.255.255.0,client-identifier 01f8.75a4.bd54.36
10.6.23.1,host 10.6.23.20 255.255.255.0,client-identifier 01f8.75a4.bd5b.52
10.6.24.1,host 10.6.24.20 255.255.255.0,client-identifier 01f8.75a4.b5ad.41
10.6.25.1,host 10.6.25.20 255.255.255.0,client-identifier 01f8.75a4.b5a0.1e
10.6.27.1,host 10.6.27.20 255.255.255.0,client-identifier 0100.2b67.4c30.ec
10.6.29.1,host 10.6.29.20 255.255.255.0,client-identifier 01f8.75a4.9de8.4d
10.6.34.1,host 10.6.34.20 255.255.255.0,client-identifier 01f8.75a4.96b9.e9
10.6.35.1,host 10.6.35.20 255.255.255.0,client-identifier 0100.2b67.3e70.74
10.6.38.1,host 10.6.38.20 255.255.255.0,client-identifier 01f8.75a4.9de1.2f
10.6.59.1,host 10.6.59.20 255.255.255.0,client-identifier 0100.2b67.3e69.ef
10.6.40.1,host 10.6.40.20 255.255.255.0,client-identifier 0100.2b67.4125.bf
10.6.41.1,host 10.6.41.20 255.255.255.0,client-identifier 01f8.75a4.99ae.86
10.6.49.1,host 10.6.49.20 255.255.255.0,client-identifier 0100.2b67.6677.bb
10.6.51.1,host 10.6.51.20 255.255.255.0,client-identifier 0100.2b67.3e68.c8
10.6.53.1,host 10.6.53.20 255.255.255.0,client-identifier 01f8.75a4.bd4e.7f
10.6.54.1,host 10.6.54.20 255.255.255.0,client-identifier 0100.2b67.4126.e2
10.6.56.1,host 10.6.56.20 255.255.255.0,client-identifier 0100.2b67.4ea9.03
10.6.57.1,host 10.6.57.20 255.255.255.0,client-identifier 01f8.75a4.99b4.fb
10.6.60.1,host 10.6.60.20 255.255.255.0,client-identifier 0100.2b67.3954.a8
10.6.63.1,host 10.6.63.20 255.255.255.0,client-identifier 0100.2b67.3037.08
10.6.64.1,host 10.6.64.20 255.255.255.0,client-identifier 01f8.75a4.b591.63
10.6.65.1,host 10.6.65.20 255.255.255.0,client-identifier 01f8.75a4.d2e5.cf
10.6.66.1,host 10.6.66.20 255.255.255.0,client-identifier 0100.2b67.5389.41
10.6.69.1,host 10.6.69.20 255.255.255.0,client-identifier 0100.2b67.5a89.5e
10.6.71.1,host 10.6.71.20 255.255.255.0,client-identifier 0100.2b67.4e99.c9
10.6.72.1,host 10.6.72.20 255.255.255.0,client-identifier 01f8.75a4.c8c7.a1
10.6.73.1,host 10.6.73.20 255.255.255.0,client-identifier 01f8.75a4.bad6.3a
10.6.75.1,host 10.6.75.20 255.255.255.0,client-identifier 01f8.75a4.d309.43
10.6.77.1,host 10.6.77.20 255.255.255.0,client-identifier 0100.2b67.4c20.b3
10.6.192.1,host 10.6.192.20 255.255.255.0,client-identifier 01f8.75a4.92a7.cc
10.6.95.1,host 10.6.95.20 255.255.255.0,client-identifier 01f8.75a4.debd.4d
10.6.97.1,host 10.6.97.20 255.255.255.0,client-identifier 01f8.75a4.8cb2.3f
10.6.62.1,host 10.6.62.20 255.255.255.0,client-identifier 0100.2b67.3035.1c
10.6.98.1,host 10.6.98.20 255.255.255.0,client-identifier 0194.c691.3391.ea
10.6.102.1,host 10.6.102.20 255.255.255.0,client-identifier 01f8.75a4.dea1.d9
10.6.103.1,host 10.6.103.20 255.255.255.0,client-identifier 01f8.75a4.b59b.62
10.6.106.1,host 10.6.106.20 255.255.255.0,client-identifier 01f8.75a4.bd4e.cf
10.6.67.1,host 10.6.67.20 255.255.255.0,client-identifier 0100.2b67.3032.10
10.6.110.1,host 10.6.110.20 255.255.255.0,client-identifier 01f8.75a4.b59e.3a
10.6.113.1,host 10.6.113.20 255.255.255.0,client-identifier 01f8.75a4.96c6.de
10.6.116.1,host 10.6.116.20 255.255.255.0,client-identifier 0100.2b67.3e6a.04
10.6.121.1,host 10.6.121.20 255.255.255.0,client-identifier 01f8.75a4.d77d.03
10.6.126.1,host 10.6.126.20 255.255.255.0,client-identifier 01f8.75a4.99be.3c
10.6.127.1,host 10.6.127.20 255.255.255.0,client-identifier 01f8.75a4.d2fb.e9
10.6.128.1,host 10.6.128.20 255.255.255.0,client-identifier 0100.2b67.4c2d.88
10.6.129.1,host 10.6.129.20 255.255.255.0,client-identifier 01f8.75a4.96ca.a3
10.6.133.1,host 10.6.133.20 255.255.255.0,client-identifier 01f8.75a4.bd4e.4d
10.6.134.1,host 10.6.134.20 255.255.255.0,client-identifier 01f8.75a4.bd5d.0d
10.6.135.1,host 10.6.135.20 255.255.255.0,client-identifier 0100.2b67.3e6f.00
10.6.136.1,host 10.6.136.20 255.255.255.0,client-identifier 01f8.75a4.b59e.26
10.6.138.1,host 10.6.138.20 255.255.255.0,client-identifier 01f8.75a4.b59c.fc
10.6.139.1,host 10.6.139.20 255.255.255.0,client-identifier 01f8.75a4.99ad.48
10.6.140.1,host 10.6.140.20 255.255.255.0,client-identifier 01f8.75a4.b599.04
10.6.141.1,host 10.6.141.20 255.255.255.0,client-identifier 01f8.75a4.96c8.79
10.6.142.1,host 10.6.142.20 255.255.255.0,client-identifier 0100.2b67.4e9a.d0
10.6.143.1,host 10.6.143.20 255.255.255.0,client-identifier 01f8.75a4.a835.b3
10.6.144.1,host 10.6.144.20 255.255.255.0,client-identifier 01f8.75a4.ea8b.bf
10.6.148.1,host 10.6.148.20 255.255.255.0,client-identifier 01f8.75a4.96be.99
10.6.150.1,host 10.6.150.20 255.255.255.0,client-identifier 01f8.75a4.92bf.63
10.6.152.1,host 10.6.152.20 255.255.255.0,client-identifier 01f8.75a4.a835.73
10.6.157.1,host 10.6.157.20 255.255.255.0,client-identifier 01f8.75a4.b598.30
10.6.158.1,host 10.6.158.20 255.255.255.0,client-identifier 01f8.75a4.92ba.af
10.6.159.1,host 10.6.159.20 255.255.255.0,client-identifier 0100.2b67.3dc6.24
10.6.160.1,host 10.6.160.20 255.255.255.0,client-identifier 0100.2b67.4c2a.76
10.6.163.1,host 10.6.163.20 255.255.255.0,client-identifier 01f8.75a4.b59e.fa
10.6.166.1,host 10.6.166.20 255.255.255.0,client-identifier 0100.2b67.3dc7.88
10.6.117.1,host 10.6.117.20 255.255.255.0,client-identifier 0198.fa9b.1ec6.e4
10.6.169.1,host 10.6.169.20 255.255.255.0,client-identifier 0100.2b67.4c2d.c4
10.6.170.1,host 10.6.170.20 255.255.255.0,client-identifier 0100.2b67.4c22.44
10.6.171.1,host 10.6.171.20 255.255.255.0,client-identifier 0100.2b67.3dc7.0a
10.6.172.1,host 10.6.172.20 255.255.255.0,client-identifier 0100.2b67.5389.2f
10.6.125.1,host 10.6.125.20 255.255.255.0,client-identifier 0100.2b67.3033.9a
10.6.176.1,host 10.6.176.20 255.255.255.0,client-identifier 0100.2b67.5a84.7d
10.6.180.1,host 10.6.180.20 255.255.255.0,client-identifier 0100.2b67.4c31.96
10.6.228.1,host 10.6.228.20 255.255.255.0,client-identifier 0100.2b67.3e65.3a
10.6.182.1,host 10.6.182.20 255.255.255.0,client-identifier 0100.2b67.4e9a.f1
10.6.183.1,host 10.6.183.20 255.255.255.0,client-identifier 0100.2b67.3034.0a
10.6.185.1,host 10.6.185.20 255.255.255.0,client-identifier 0100.2b67.45b2.dd
10.6.186.1,host 10.6.186.20 255.255.255.0,client-identifier 01d8.9ef3.1a10.7e
10.6.191.1,host 10.6.191.20 255.255.255.0,client-identifier 01f8.75a4.9a17.d6
10.6.193.1,host 10.6.193.20 255.255.255.0,client-identifier 01f8.75a4.a830.9c
10.6.196.1,host 10.6.196.20 255.255.255.0,client-identifier 0100.2b67.4c2a.64
10.6.175.1,host 10.6.175.20 255.255.255.0,client-identifier 01f8.75a4.32e7.44
10.6.206.1,host 10.6.206.20 255.255.255.0,client-identifier 0100.2b67.4ea4.d3
10.6.207.1,host 10.6.207.20 255.255.255.0,client-identifier 0100.2b67.411f.03
10.6.211.1,host 10.6.211.20 255.255.255.0,client-identifier 01f8.75a4.bd5b.34
10.6.212.1,host 10.6.212.20 255.255.255.0,client-identifier 0194.c691.5e43.17
10.6.219.1,host 10.6.219.20 255.255.255.0,client-identifier 01f8.75a4.bd52.2a
10.6.226.1,host 10.6.226.20 255.255.255.0,client-identifier 01f8.75a4.a834.8c
10.6.177.1,host 10.6.177.20 255.255.255.0,client-identifier 0100.2b67.45c2.36
10.6.230.1,host 10.6.230.20 255.255.255.0,client-identifier 01f8.75a4.bd5c.26
10.6.240.1,host 10.6.240.20 255.255.255.0,client-identifier 01f8.75a4.92bd.15
10.6.241.1,host 10.6.241.20 255.255.255.0,client-identifier 01f8.75a4.96bf.d2
10.6.242.1,host 10.6.242.20 255.255.255.0,client-identifier 0100.2b67.4ea0.90
10.6.247.1,host 10.6.247.20 255.255.255.0,client-identifier 01f8.75a4.9df7.aa
10.6.250.1,host 10.6.250.20 255.255.255.0,client-identifier 01f8.75a4.dea4.1e
10.6.251.1,host 10.6.251.20 255.255.255.0,client-identifier 0100.2b67.4ea6.fe
10.6.252.1,host 10.6.252.20 255.255.255.0,client-identifier 0100.2b67.3dc3.9d
10.6.253.1,host 10.6.253.20 255.255.255.0,client-identifier 0100.2b67.3036.ad
10.7.1.1,host 10.7.1.20 255.255.255.0,client-identifier 0100.2b67.33cf.fa
10.7.8.1,host 10.7.8.20 255.255.255.0,client-identifier 0194.c691.f067.29
10.7.14.1,host 10.7.14.20 255.255.255.0,client-identifier 0100.2b67.4e9b.a7
10.7.15.1,host 10.7.15.20 255.255.255.0,client-identifier 0100.2b67.4c34.cf
10.7.16.1,host 10.7.16.20 255.255.255.0,client-identifier 0100.2b67.4e9c.bf
10.7.17.1,host 10.7.17.20 255.255.255.0,client-identifier 01f8.75a4.dea6.0a
10.7.18.1,host 10.7.18.20 255.255.255.0,client-identifier 0100.2b67.4e99.c4
10.7.24.1,host 10.7.24.20 255.255.255.0,client-identifier 01a4.bb6d.7f85.31
10.7.27.1,host 10.7.27.20 255.255.255.0,client-identifier 0188.a4c2.b038.d7
10.7.29.1,host 10.7.29.20 255.255.255.0,client-identifier 0100.2b67.4ea8.8a
10.7.31.1,host 10.7.31.20 255.255.255.0,client-identifier 01f8.75a4.88b3.b3
10.7.32.1,host 10.7.32.20 255.255.255.0,client-identifier 0100.2b67.4ea7.51
10.7.34.1,host 10.7.34.20 255.255.255.0,client-identifier 0100.2b67.4e9a.03
10.7.35.1,host 10.7.35.20 255.255.255.0,client-identifier 01f8.75a4.bd55.03
10.7.36.1,host 10.7.36.20 255.255.255.0,client-identifier 01f8.75a4.939d.0b
10.7.40.1,host 10.7.40.20 255.255.255.0,client-identifier 0194.c691.3c8c.25
10.7.41.1,host 10.7.41.20 255.255.255.0,client-identifier 01f8.75a4.99c1.fb
10.7.42.1,host 10.7.42.20 255.255.255.0,client-identifier 01f8.75a4.bd57.bc
10.7.43.1,host 10.7.43.20 255.255.255.0,client-identifier 01f8.75a4.a829.76
10.7.44.1,host 10.7.44.20 255.255.255.0,client-identifier 01f8.75a4.9398.9b
10.6.178.1,host 10.6.178.20 255.255.255.0,client-identifier 0100.2b67.3033.b5
10.7.46.1,host 10.7.46.20 255.255.255.0,client-identifier 01f8.75a4.96c0.15
10.7.54.1,host 10.7.54.20 255.255.255.0,client-identifier 01f8.75a4.99bb.ca
10.7.57.1,host 10.7.57.20 255.255.255.0,client-identifier 01f8.75a4.bd54.3b
10.7.58.1,host 10.7.58.20 255.255.255.0,client-identifier 01f8.75a4.8cb3.5c
10.7.61.1,host 10.7.61.20 255.255.255.0,client-identifier 01f8.75a4.b5ad.38
10.7.63.1,host 10.7.63.20 255.255.255.0,client-identifier 01f8.75a4.9399.da
10.7.68.1,host 10.7.68.20 255.255.255.0,client-identifier 0100.2b67.3e66.ef
10.7.71.1,host 10.7.71.20 255.255.255.0,client-identifier 01f8.75a4.c58d.cd
10.7.72.1,host 10.7.72.20 255.255.255.0,client-identifier 0100.2b67.4c30.df
10.7.73.1,host 10.7.73.20 255.255.255.0,client-identifier 0100.2b67.45c4.02
10.7.74.1,host 10.7.74.20 255.255.255.0,client-identifier 01f8.75a4.b596.80
10.7.75.1,host 10.7.75.20 255.255.255.0,client-identifier 0100.2b67.4ea5.19
10.7.83.1,host 10.7.83.20 255.255.255.0,client-identifier 01f8.75a4.92aa.fa
10.7.84.1,host 10.7.84.20 255.255.255.0,client-identifier 01f8.75a4.ab19.83
10.7.86.1,host 10.7.86.20 255.255.255.0,client-identifier 0100.2b67.3954.58
10.7.96.1,host 10.7.96.20 255.255.255.0,client-identifier 0100.2b67.4128.02
10.7.99.1,host 10.7.99.20 255.255.255.0,client-identifier 0100.2b67.394f.6d
10.7.100.1,host 10.7.100.20 255.255.255.0,client-identifier 0100.2b67.4ea5.ee
10.7.102.1,host 10.7.102.20 255.255.255.0,client-identifier 0190.2e16.6a7c.0f
10.6.194.1,host 10.6.194.20 255.255.255.0,client-identifier 01f8.75a4.deba.77
10.7.107.1,host 10.7.107.20 255.255.255.0,client-identifier 01f8.75a4.9ddb.c2
10.7.108.1,host 10.7.108.20 255.255.255.0,client-identifier 01f8.75a4.92b2.b2
10.7.112.1,host 10.7.112.20 255.255.255.0,client-identifier 01f8.75a4.9a0e.e4
10.7.113.1,host 10.7.113.20 255.255.255.0,client-identifier 01f8.75a4.99c2.ad
10.7.115.1,host 10.7.115.20 255.255.255.0,client-identifier 01f8.75a4.a836.6b
10.7.117.1,host 10.7.117.20 255.255.255.0,client-identifier 01f8.75a4.9ddc.cd
10.7.118.1,host 10.7.118.20 255.255.255.0,client-identifier 01f8.75a4.a82d.ae
10.7.120.1,host 10.7.120.20 255.255.255.0,client-identifier 0100.2b67.3dbd.d1
10.7.121.1,host 10.7.121.20 255.255.255.0,client-identifier 01f8.75a4.b599.13
10.7.122.1,host 10.7.122.20 255.255.255.0,client-identifier 0100.2b67.4c35.90
10.7.123.1,host 10.7.123.20 255.255.255.0,client-identifier 0100.2b67.3e6f.bb
10.7.126.1,host 10.7.126.20 255.255.255.0,client-identifier 01f8.75a4.99b6.1d
10.7.127.1,host 10.7.127.20 255.255.255.0,client-identifier 0100.2b67.45b6.1e
10.7.131.1,host 10.7.131.20 255.255.255.0,client-identifier 0100.2b67.4e9d.b2
10.6.255.1,host 10.6.255.20 255.255.255.0,client-identifier 01f8.75a4.dea5.06
10.7.3.1,host 10.7.3.20 255.255.255.0,client-identifier 01f8.75a4.bd50.01
10.7.140.1,host 10.7.140.20 255.255.255.0,client-identifier 0100.2b67.45c6.2e
10.7.143.1,host 10.7.143.20 255.255.255.0,client-identifier 01f8.75a4.bd58.62
10.7.145.1,host 10.7.145.20 255.255.255.0,client-identifier 0100.2b67.5389.32
10.7.147.1,host 10.7.147.20 255.255.255.0,client-identifier 01f8.75a4.b4bc.a7
10.7.155.1,host 10.7.155.20 255.255.255.0,client-identifier 01f8.75a4.bd54.2e
10.7.157.1,host 10.7.157.20 255.255.255.0,client-identifier 01f8.75a4.bd4e.34
10.7.162.1,host 10.7.162.20 255.255.255.0,client-identifier 0100.2b67.4125.17
10.7.164.1,host 10.7.164.20 255.255.255.0,client-identifier 01f8.75a4.c58d.dd
10.7.166.1,host 10.7.166.20 255.255.255.0,client-identifier 0100.2b67.4c34.bf
10.7.168.1,host 10.7.168.20 255.255.255.0,client-identifier 0100.2b67.5a8f.24
10.7.170.1,host 10.7.170.20 255.255.255.0,client-identifier 0100.2b67.3e65.30
10.7.180.1,host 10.7.180.20 255.255.255.0,client-identifier 01f8.75a4.99b6.1e
10.7.182.1,host 10.7.182.20 255.255.255.0,client-identifier 01f8.75a4.99b5.0e
10.7.183.1,host 10.7.183.20 255.255.255.0,client-identifier 01f8.75a4.bd5c.f1
10.7.184.1,host 10.7.184.20 255.255.255.0,client-identifier 01f8.75a4.96b1.02
10.7.185.1,host 10.7.185.20 255.255.255.0,client-identifier 01f8.75a4.deaf.a6
10.7.191.1,host 10.7.191.20 255.255.255.0,client-identifier 01f8.75a4.d77b.5c
10.7.195.1,host 10.7.195.20 255.255.255.0,client-identifier 01f8.75a4.b593.92
10.7.201.1,host 10.7.201.20 255.255.255.0,client-identifier 01f8.75a4.b592.6a
10.7.206.1,host 10.7.206.20 255.255.255.0,client-identifier 01f8.75a4.b595.97
10.7.207.1,host 10.7.207.20 255.255.255.0,client-identifier 0100.2b67.3e69.ff
10.7.208.1,host 10.7.208.20 255.255.255.0,client-identifier 01f8.75a4.40a5.c6
10.7.209.1,host 10.7.209.20 255.255.255.0,client-identifier 01f8.75a4.4862.47
10.7.210.1,host 10.7.210.20 255.255.255.0,client-identifier 0100.2b67.45b1.b5
10.7.211.1,host 10.7.211.20 255.255.255.0,client-identifier 01f8.75a4.c117.50
10.7.212.1,host 10.7.212.20 255.255.255.0,client-identifier 01f8.75a4.3b1.90
10.7.213.1,host 10.7.213.20 255.255.255.0,client-identifier 01f8.75a4.52fe.68
10.7.214.1,host 10.7.214.20 255.255.255.0,client-identifier 0188.a4c2.b044.12
10.7.215.1,host 10.7.215.20 255.255.255.0,client-identifier 01f8.75a4.deba.67
10.7.231.1,host 10.7.231.20 255.255.255.0,client-identifier 01f8.75a4.d770.6d
10.7.237.1,host 10.7.237.20 255.255.255.0,client-identifier 01f8.75a4.37c1.45
10.7.241.1,host 10.7.241.20 255.255.255.0,client-identifier 01f8.75a4.92c1.70
10.7.243.1,host 10.7.243.20 255.255.255.0,client-identifier 01f8.75a4.92aa.b7
10.7.245.1,host 10.7.245.20 255.255.255.0,client-identifier 01f8.75a4.b591.64
10.7.248.1,host 10.7.248.20 255.255.255.0,client-identifier 01f8.75a4.b59a.2e
10.7.250.1,host 10.7.250.20 255.255.255.0,client-identifier 0100.2b67.4128.0c
10.7.254.1,host 10.7.254.20 255.255.255.0,client-identifier 01f8.75a4.99b5.06
10.8.1.1,host 10.8.1.20 255.255.255.0,client-identifier 01d8.9ef3.19d5.c6
10.8.4.1,host 10.8.4.20 255.255.255.0,client-identifier 0100.2b67.3e6a.be
10.8.5.1,host 10.8.5.20 255.255.255.0,client-identifier 0100.2b67.4ea3.da
10.8.9.1,host 10.8.9.20 255.255.255.0,client-identifier 0100.2b67.4124.37
10.8.10.1,host 10.8.10.20 255.255.255.0,client-identifier 0100.2b67.3e6f.18
10.8.11.1,host 10.8.11.20 255.255.255.0,client-identifier 0100.2b67.d2d1.4f
10.8.12.1,host 10.8.12.20 255.255.255.0,client-identifier 01f8.75a4.b596.cd
10.8.18.1,host 10.8.18.20 255.255.255.0,client-identifier 01f8.75a4.b590.10
10.8.20.1,host 10.8.20.20 255.255.255.0,client-identifier 01f8.75a4.b593.d0
10.8.26.1,host 10.8.26.20 255.255.255.0,client-identifier 0100.2b67.3dc5.70
10.8.29.1,host 10.8.29.20 255.255.255.0,client-identifier 0100.2b67.4ea2.37
10.8.30.1,host 10.8.30.20 255.255.255.0,client-identifier 0100.2b67.3dc7.7f
10.8.32.1,host 10.8.32.20 255.255.255.0,client-identifier 0100.2b67.538d.19
10.8.34.1,host 10.8.34.20 255.255.255.0,client-identifier 0100.2b67.33d7.39
10.8.35.1,host 10.8.35.20 255.255.255.0,client-identifier 0100.2b67.3036.a9
10.8.36.1,host 10.8.36.20 255.255.255.0,client-identifier 01f8.75a4.bd5a.a9
10.8.37.1,host 10.8.37.20 255.255.255.0,client-identifier 01f8.75a4.9dcb.51
10.8.44.1,host 10.8.44.20 255.255.255.0,client-identifier 0100.2b67.33d7.64
10.8.46.1,host 10.8.46.20 255.255.255.0,client-identifier 01f8.75a4.bd4e.67
10.8.47.1,host 10.8.47.20 255.255.255.0,client-identifier 01f8.75a4.bd52.38
10.8.48.1,host 10.8.48.20 255.255.255.0,client-identifier 0100.2b67.3dc5.e8
10.8.51.1,host 10.8.51.20 255.255.255.0,client-identifier 01f8.75a4.bd51.d4
10.8.52.1,host 10.8.52.20 255.255.255.0,client-identifier 01f8.75a4.99b4.56
10.8.54.1,host 10.8.54.20 255.255.255.0,client-identifier 01f8.75a4.92ba.c4
10.8.55.1,host 10.8.55.20 255.255.255.0,client-identifier 01f8.75a4.deaf.b1
10.8.56.1,host 10.8.56.20 255.255.255.0,client-identifier 01f8.75a4.96b5.f9
10.8.57.1,host 10.8.57.20 255.255.255.0,client-identifier 01f8.75a4.ab19.1e
10.8.58.1,host 10.8.58.20 255.255.255.0,client-identifier 01f8.75a4.a82e.e8
10.8.59.1,host 10.8.59.20 255.255.255.0,client-identifier 01f8.75a4.d774.c5
10.7.4.1,host 10.7.4.20 255.255.255.0,client-identifier 01f8.75a4.b849.4c
10.8.61.1,host 10.8.61.20 255.255.255.0,client-identifier 01f8.75a4.bd4e.4e
10.8.63.1,host 10.8.63.20 255.255.255.0,client-identifier 01f8.75a4.bd52.df
10.8.66.1,host 10.8.66.20 255.255.255.0,client-identifier 01f8.75a4.b599.2e
10.8.68.1,host 10.8.68.20 255.255.255.0,client-identifier 0100.2b67.4125.1a
10.8.71.1,host 10.8.71.20 255.255.255.0,client-identifier 01d8.9ef3.147f.9f
10.7.5.1,host 10.7.5.20 255.255.255.0,client-identifier 01f8.75a4.9397.49
10.8.81.1,host 10.8.81.20 255.255.255.0,client-identifier 0100.2b67.3035.18
10.7.20.1,host 10.7.20.20 255.255.255.0,client-identifier 0100.2b67.51b1.21
10.7.2.1,host 10.7.2.20 255.255.255.0,client-identifier 01f8.75a4.fb70.7b
10.7.25.1,host 10.7.25.20 255.255.255.0,client-identifier 0100.2b67.4ea4.12
10.8.103.1,host 10.8.103.20 255.255.255.0,client-identifier 0100.2b67.3039.07
10.8.104.1,host 10.8.104.20 255.255.255.0,client-identifier 01f8.75a4.bd4e.80
10.7.45.1,host 10.7.45.20 255.255.255.0,client-identifier 01f8.75a4.8cb7.ad
10.8.108.1,host 10.8.108.20 255.255.255.0,client-identifier 01f8.75a4.9a13.32
10.8.110.1,host 10.8.110.20 255.255.255.0,client-identifier 01f8.75a4.96b1.0a
10.8.113.1,host 10.8.113.20 255.255.255.0,client-identifier 0100.2b67.3e71.3e
10.7.91.1,host 10.7.91.20 255.255.255.0,client-identifier 01f8.75a4.92a9.e3
10.8.116.1,host 10.8.116.20 255.255.255.0,client-identifier 01f8.75a4.dea6.17
10.8.117.1,host 10.8.117.20 255.255.255.0,client-identifier 01f8.75a4.dea1.0b
10.8.119.1,host 10.8.119.20 255.255.255.0,client-identifier 01f8.75a4.99bd.42
10.7.21.1,host 10.7.21.20 255.255.255.0,client-identifier 0100.2b67.45b5.9f
10.7.22.1,host 10.7.22.20 255.255.255.0,client-identifier 0100.2b67.45bf.ef
10.7.23.1,host 10.7.23.20 255.255.255.0,client-identifier 0100.2b67.3dc4.b7
10.7.26.1,host 10.7.26.20 255.255.255.0,client-identifier 01f8.75a4.bd4f.f0
10.7.28.1,host 10.7.28.20 255.255.255.0,client-identifier 0100.2b67.4ea7.3f
10.7.30.1,host 10.7.30.20 255.255.255.0,client-identifier 0100.2b67.4c19.f2
10.7.33.1,host 10.7.33.20 255.255.255.0,client-identifier 01dc.4a3e.7763.81
10.7.37.1,host 10.7.37.20 255.255.255.0,client-identifier 0100.2b67.4e99.fa
10.7.38.1,host 10.7.38.20 255.255.255.0,client-identifier 0100.2b67.3dbd.d6
10.7.55.1,host 10.7.55.20 255.255.255.0,client-identifier 01f8.75a4.a831.a7
10.7.56.1,host 10.7.56.20 255.255.255.0,client-identifier 01f8.75a4.99ba.84
10.7.59.1,host 10.7.59.20 255.255.255.0,client-identifier 01f8.75a4.9390.7b
10.7.60.1,host 10.7.60.20 255.255.255.0,client-identifier 01f8.75a4.9a11.40
10.7.64.1,host 10.7.64.20 255.255.255.0,client-identifier 01f8.75a4.deaf.95
10.7.65.1,host 10.7.65.20 255.255.255.0,client-identifier 0194.c691.f06b.37
10.7.66.1,host 10.7.66.20 255.255.255.0,client-identifier 01f8.75a4.bac3.c1
10.7.67.1,host 10.7.67.20 255.255.255.0,client-identifier 01f8.75a4.bd50.04
10.7.79.1,host 10.7.79.20 255.255.255.0,client-identifier 01f8.75a4.b592.fb
10.7.93.1,host 10.7.93.20 255.255.255.0,client-identifier 0100.2b67.4125.b9
10.7.116.1,host 10.7.116.20 255.255.255.0,client-identifier 0100.2b67.4ea5.e0
10.7.138.1,host 10.7.138.20 255.255.255.0,client-identifier 0100.2b67.4c19.ec
10.7.141.1,host 10.7.141.20 255.255.255.0,client-identifier 0100.2b67.33d5.df
10.7.150.1,host 10.7.150.20 255.255.255.0,client-identifier 01f8.75a4.1222.3e
10.7.151.1,host 10.7.151.20 255.255.255.0,client-identifier 0100.2b67.33cd.6a
10.7.153.1,host 10.7.153.20 255.255.255.0,client-identifier 0100.2b67.33d5.f8
10.7.160.1,host 10.7.160.20 255.255.255.0,client-identifier 0100.2b67.538f.79
10.7.175.1,host 10.7.175.20 255.255.255.0,client-identifier 01f8.75a4.d77c.0d
10.7.105.1,host 10.7.105.20 255.255.255.0,client-identifier 01f8.75a4.9a13.e9
10.9.181.1,host 10.9.181.20 255.255.255.0,client-identifier 0118.66da.331f.cf
10.7.196.1,host 10.7.196.20 255.255.255.0,client-identifier 0100.2b67.3dc6.ee
10.7.197.1,host 10.7.197.20 255.255.255.0,client-identifier 01f8.75a4.d776.0e
10.7.204.1,host 10.7.204.20 255.255.255.0,client-identifier 01f8.75a4.c58d.d1
10.7.216.1,host 10.7.216.20 255.255.255.0,client-identifier 0100.2b67.45b3.2e
10.7.217.1,host 10.7.217.20 255.255.255.0,client-identifier 0100.2b67.3034.44
10.7.218.1,host 10.7.218.20 255.255.255.0,client-identifier 0194.c691.3c4f.e2
10.7.219.1,host 10.7.219.20 255.255.255.0,client-identifier 0100.2b67.3e69.db
10.7.220.1,host 10.7.220.20 255.255.255.0,client-identifier 01f8.75a4.baaf.b7
10.7.221.1,host 10.7.221.20 255.255.255.0,client-identifier 01f8.75a4.b592.63
10.7.222.1,host 10.7.222.20 255.255.255.0,client-identifier 0100.2b67.3e66.18
10.7.223.1,host 10.7.223.20 255.255.255.0,client-identifier 01f8.75a4.4cda.26
10.7.224.1,host 10.7.224.20 255.255.255.0,client-identifier 0100.2b67.33d6.0d
10.7.244.1,host 10.7.244.20 255.255.255.0,client-identifier 0100.2b67.3e6d.a3
10.8.39.1,host 10.8.39.20 255.255.255.0,client-identifier 0100.2b67.33d6.35
10.8.41.1,host 10.8.41.20 255.255.255.0,client-identifier 01f8.75a4.bd4e.6b
10.8.42.1,host 10.8.42.20 255.255.255.0,client-identifier 01f8.75a4.bd51.f1
10.8.43.1,host 10.8.43.20 255.255.255.0,client-identifier 01f8.75a4.bd4e.e1
10.7.132.1,host 10.7.132.20 255.255.255.0,client-identifier 0100.2b67.4c1a.ca
10.7.134.1,host 10.7.134.20 255.255.255.0,client-identifier 0100.2b67.45b3.1b
10.7.137.1,host 10.7.137.20 255.255.255.0,client-identifier 01f8.75a4.9391.87
10.8.84.1,host 10.8.84.20 255.255.255.0,client-identifier 01f8.75a4.9ddd.92
10.8.87.1,host 10.8.87.20 255.255.255.0,client-identifier 0100.2b67.45b3.18
10.8.144.1,host 10.8.144.20 255.255.255.0,client-identifier 0100.2b67.4c27.33
10.7.142.1,host 10.7.142.20 255.255.255.0,client-identifier 0100.2b67.4c37.10
10.7.154.1,host 10.7.154.20 255.255.255.0,client-identifier 0198.fa9b.dfac.26
10.8.98.1,host 10.8.98.20 255.255.255.0,client-identifier 0100.2b67.4ea8.7e
10.8.99.1,host 10.8.99.20 255.255.255.0,client-identifier 0100.2b67.4ea2.17
10.8.107.1,host 10.8.107.20 255.255.255.0,client-identifier 0100.2b67.45c1.ed
10.8.114.1,host 10.8.114.20 255.255.255.0,client-identifier 01f8.75a4.ab1c.2f
10.7.161.1,host 10.7.161.20 255.255.255.0,client-identifier 01f8.75a4.9ddc.aa
10.8.118.1,host 10.8.118.20 255.255.255.0,client-identifier 01f8.75a4.bd51.ea
10.8.120.1,host 10.8.120.20 255.255.255.0,client-identifier 0100.2b67.4ea2.1b
10.8.121.1,host 10.8.121.20 255.255.255.0,client-identifier 01f8.75a4.96b4.74
10.8.122.1,host 10.8.122.20 255.255.255.0,client-identifier 0100.2b67.3dc7.2a
10.8.123.1,host 10.8.123.20 255.255.255.0,client-identifier 0100.2b67.4114.20
10.8.124.1,host 10.8.124.20 255.255.255.0,client-identifier 0100.2b67.45b5.82
10.7.228.1,host 10.7.228.20 255.255.255.0,client-identifier 01f8.75a4.bd5c.32
10.8.128.1,host 10.8.128.20 255.255.255.0,client-identifier 0100.2b67.4125.a9
10.8.129.1,host 10.8.129.20 255.255.255.0,client-identifier 01f8.75a4.92bb.dc
10.8.72.1,host 10.8.72.20 255.255.255.0,client-identifier 0100.2b67.33d1.d7
10.8.83.1,host 10.8.83.20 255.255.255.0,client-identifier 0100.2b67.45b3.0d
10.8.86.1,host 10.8.86.20 255.255.255.0,client-identifier 01dc.4a3e.6b44.41
10.8.155.1,host 10.8.155.20 255.255.255.0,client-identifier 0118.66da.332d.c7
10.8.132.1,host 10.8.132.20 255.255.255.0,client-identifier 01f8.75a4.bd4e.57
10.8.158.1,host 10.8.158.20 255.255.255.0,client-identifier 01f8.75a4.99b9.17
10.8.149.1,host 10.8.149.20 255.255.255.0,client-identifier 0100.2b67.4e9e.37
10.8.137.1,host 10.8.137.20 255.255.255.0,client-identifier 01f8.75a4.b596.c3
10.8.133.1,host 10.8.133.20 255.255.255.0,client-identifier 0100.2b67.4ea8.40
10.8.147.1,host 10.8.147.20 255.255.255.0,client-identifier 0100.2b67.4c2a.3e
10.8.134.1,host 10.8.134.20 255.255.255.0,client-identifier 01f8.75a4.041d.c3
10.8.136.1,host 10.8.136.20 255.255.255.0,client-identifier 0100.2b67.4c37.17
10.6.79.1,host 10.6.79.20 255.255.255.0,client-identifier 01f8.75a4.99c2.d3
10.6.85.1,host 10.6.85.20 255.255.255.0,client-identifier 01f8.75a4.bd52.04
10.6.90.1,host 10.6.90.20 255.255.255.0,client-identifier 01f8.75a4.a828.ff
10.6.92.1,host 10.6.92.20 255.255.255.0,client-identifier 01f8.75a4.a830.e4
10.6.93.1,host 10.6.93.20 255.255.255.0,client-identifier 01f8.75a4.ab0e.d8
10.6.105.1,host 10.6.105.20 255.255.255.0,client-identifier 01a4.bb6d.8017.e0
10.6.109.1,host 10.6.109.20 255.255.255.0,client-identifier 0100.2b67.4126.ad
10.6.181.1,host 10.6.181.20 255.255.255.0,client-identifier 0100.2b67.4ea6.3d
10.6.187.1,host 10.6.187.20 255.255.255.0,client-identifier 01f8.75a4.deba.78
10.6.189.1,host 10.6.189.20 255.255.255.0,client-identifier 01f8.75a4.bd50.f4
10.6.202.1,host 10.6.202.20 255.255.255.0,client-identifier 01f8.75a4.bd5c.5d
10.6.203.1,host 10.6.203.20 255.255.255.0,client-identifier 0100.2b67.4c2a.2e
10.7.187.1,host 10.7.187.20 255.255.255.0,client-identifier 01f8.75a4.bd50.0c
10.7.188.1,host 10.7.188.20 255.255.255.0,client-identifier 0100.2b67.3dc1.f9
10.7.189.1,host 10.7.189.20 255.255.255.0,client-identifier 0100.2b67.4ea7.4d
10.7.190.1,host 10.7.190.20 255.255.255.0,client-identifier 0100.2b67.4ea7.47
10.8.73.1,host 10.8.73.20 255.255.255.0,client-identifier 0100.2b67.33cf.2b
10.8.75.1,host 10.8.75.20 255.255.255.0,client-identifier 0194.c691.f06b.7d
10.8.78.1,host 10.8.78.20 255.255.255.0,client-identifier 0100.2b67.4127.57
10.8.79.1,host 10.8.79.20 255.255.255.0,client-identifier 01f8.75a4.4a4e.8c
10.8.80.1,host 10.8.80.20 255.255.255.0,client-identifier 0100.2b67.4e9b.0e
10.8.85.1,host 10.8.85.20 255.255.255.0,client-identifier 0194.c691.3492.f3
10.8.88.1,host 10.8.88.20 255.255.255.0,client-identifier 0100.2b67.33d7.63
10.8.89.1,host 10.8.89.20 255.255.255.0,client-identifier 0100.2b67.4c38.e5
10.8.90.1,host 10.8.90.20 255.255.255.0,client-identifier 01f8.75a4.354c.26
10.8.91.1,host 10.8.91.20 255.255.255.0,client-identifier 0100.2b67.5389.33
10.8.92.1,host 10.8.92.20 255.255.255.0,client-identifier 0100.2b67.4ea2.4f
10.8.93.1,host 10.8.93.20 255.255.255.0,client-identifier 0100.2b67.5a85.85
10.8.94.1,host 10.8.94.20 255.255.255.0,client-identifier 0100.2b67.3030.1d
10.8.95.1,host 10.8.95.20 255.255.255.0,client-identifier 0100.2b67.4c32.75
10.8.97.1,host 10.8.97.20 255.255.255.0,client-identifier 0100.2b67.4e9c.b0
10.8.106.1,host 10.8.106.20 255.255.255.0,client-identifier 01f8.75a4.b599.40
10.8.126.1,host 10.8.126.20 255.255.255.0,client-identifier 0100.2b67.4125.61
10.8.154.1,host 10.8.154.20 255.255.255.0,client-identifier 0100.2b67.33cf.03
10.8.115.1,host 10.8.115.20 255.255.255.0,client-identifier 0100.2b67.4ea1.36
10.9.118.1,host 10.9.118.20 255.255.255.0,client-identifier 0118.66da.32ad.f2
10.8.156.1,host 10.8.156.20 255.255.255.0,client-identifier 0118.66da.3831.a4
10.8.127.1,host 10.8.127.20 255.255.255.0,client-identifier 01f8.75a4.96b3.f6
10.8.148.1,host 10.8.148.20 255.255.255.0,client-identifier 01f8.75a4.dea9.02
10.8.125.1,host 10.8.125.20 255.255.255.0,client-identifier 01f8.75a4.9ddb.d3
10.8.146.1,host 10.8.146.20 255.255.255.0,client-identifier 01f8.75a4.bd5b.4f
10.8.131.1,host 10.8.131.20 255.255.255.0,client-identifier 0100.2b67.4e9c.bc
10.8.138.1,host 10.8.138.20 255.255.255.0,client-identifier 01f8.75a4.88ad.dd
10.8.130.1,host 10.8.130.20 255.255.255.0,client-identifier 01f8.75a4.bd4e.e4
10.8.135.1,host 10.8.135.20 255.255.255.0,client-identifier 0100.2b67.4c37.d1
10.8.150.1,host 10.8.150.20 255.255.255.0,client-identifier 0100.2b67.3033.d1
10.6.201.1,host 10.6.201.20 255.255.255.0,client-identifier 0100.2b67.37f6.4b
10.8.145.1,host 10.8.145.20 255.255.255.0,client-identifier 0100.2b67.4c22.46
10.8.153.1,host 10.8.153.20 255.255.255.0,client-identifier 01f8.75a4.bd5d.0c
10.8.151.1,host 10.8.151.20 255.255.255.0,client-identifier 01f8.75a4.bd52.dc
10.9.26.1,host 10.9.26.20 255.255.255.0,client-identifier 0100.2b67.4125.66
10.9.28.1,host 10.9.28.20 255.255.255.0,client-identifier 0100.2b67.4124.ac
10.9.32.1,host 10.9.32.20 255.255.255.0,client-identifier 0100.2b67.5381.fb
10.9.31.1,host 10.9.31.20 255.255.255.0,client-identifier 01f8.75a4.bd4e.97
10.9.57.1,host 10.9.57.20 255.255.255.0,client-identifier 01f8.75a4.a831.a0
10.9.59.1,host 10.9.59.20 255.255.255.0,client-identifier 01f8.75a4.bd56.46
10.9.61.1,host 10.9.61.20 255.255.255.0,client-identifier 01f8.75a4.deaf.a2
10.9.63.1,host 10.9.63.20 255.255.255.0,client-identifier 01f8.75a4.b594.3a
10.9.69.1,host 10.9.69.20 255.255.255.0,client-identifier 01f8.75a4.dea4.20
10.9.71.1,host 10.9.71.20 255.255.255.0,client-identifier 0100.2b67.3e6f.db
10.9.72.1,host 10.9.72.20 255.255.255.0,client-identifier 0100.2b67.3dc6.07
10.8.203.1,host 10.8.203.20 255.255.255.0,client-identifier 0100.2b67.45dc.bd
10.8.222.1,host 10.8.222.20 255.255.255.0,client-identifier 01f8.75a4.b59e.41
10.9.40.1,host 10.9.40.20 255.255.255.0,client-identifier 01f8.75a4.bd4e.c8
10.9.76.1,host 10.9.76.20 255.255.255.0,client-identifier 01f8.75a4.99bc.01
10.9.2.1,host 10.9.2.20 255.255.255.0,client-identifier 0100.2b67.667a.9a
10.9.11.1,host 10.9.11.20 255.255.255.0,client-identifier 01f8.75a4.99b7.e2
10.9.16.1,host 10.9.16.20 255.255.255.0,client-identifier 01f8.75a4.a831.b3
10.9.20.1,host 10.9.20.20 255.255.255.0,client-identifier 01f8.75a4.a82c.f3
10.9.14.1,host 10.9.14.20 255.255.255.0,client-identifier 01f8.75a4.99ac.84
10.9.12.1,host 10.9.12.20 255.255.255.0,client-identifier 01f8.75a4.deaf.b0
10.9.54.1,host 10.9.54.20 255.255.255.0,client-identifier 01f8.75a4.a836.8c
10.9.58.1,host 10.9.58.20 255.255.255.0,client-identifier 01f8.75a4.a82d.4d
10.9.70.1,host 10.9.70.20 255.255.255.0,client-identifier 0100.2b67.4e9b.a1
10.9.1.1,host 10.9.1.20 255.255.255.0,client-identifier 0100.2b67.576b.7e
10.9.15.1,host 10.9.15.20 255.255.255.0,client-identifier 0100.2b67.4c36.3b
10.9.86.1,host 10.9.86.20 255.255.255.0,client-identifier 01f8.75a4.99b6.2a
10.9.87.1,host 10.9.87.20 255.255.255.0,client-identifier 01f8.75a4.99b7.b3
10.9.27.1,host 10.9.27.20 255.255.255.0,client-identifier 01f8.75a4.bd52.5f
10.9.29.1,host 10.9.29.20 255.255.255.0,client-identifier 01f8.75a4.dea1.e1
10.9.33.1,host 10.9.33.20 255.255.255.0,client-identifier 01f8.75a4.7a80.1d
10.9.34.1,host 10.9.34.20 255.255.255.0,client-identifier 01f8.75a4.9a0f.61
10.9.73.1,host 10.9.73.20 255.255.255.0,client-identifier 0100.2b67.51b1.d0
10.9.74.1,host 10.9.74.20 255.255.255.0,client-identifier 01f8.75a4.9def.00
10.9.75.1,host 10.9.75.20 255.255.255.0,client-identifier 01f8.75a4.b093.6e
10.9.89.1,host 10.9.89.20 255.255.255.0,client-identifier 01f8.75a4.a82c.50
10.9.25.1,host 10.9.25.20 255.255.255.0,client-identifier 0100.2b67.4ea6.e8
10.9.21.1,host 10.9.21.20 255.255.255.0,client-identifier 0100.2b67.4c21.72
10.9.52.1,host 10.9.52.20 255.255.255.0,client-identifier 01f8.75a4.b59c.e7
10.9.53.1,host 10.9.53.20 255.255.255.0,client-identifier 0100.2b67.3e66.24
10.9.56.1,host 10.9.56.20 255.255.255.0,client-identifier 0100.2b67.4126.2b
10.9.62.1,host 10.9.62.20 255.255.255.0,client-identifier 01f8.75a4.bd59.8d
10.9.3.1,host 10.9.3.20 255.255.255.0,client-identifier 0100.2b67.4775.59
10.9.4.1,host 10.9.4.20 255.255.255.0,client-identifier 01f8.75a4.99c2.c2
10.9.8.1,host 10.9.8.20 255.255.255.0,client-identifier 01f8.75a4.99bf.b2
10.9.22.1,host 10.9.22.20 255.255.255.0,client-identifier 0100.2b67.4ea4.ea
10.9.23.1,host 10.9.23.20 255.255.255.0,client-identifier 01f8.75a4.9a12.4d
10.9.24.1,host 10.9.24.20 255.255.255.0,client-identifier 01f8.75a4.92b2.89
10.9.13.1,host 10.9.13.20 255.255.255.0,client-identifier 0100.2b67.33cd.57
10.9.17.1,host 10.9.17.20 255.255.255.0,client-identifier 0100.2b67.3dc1.6b
10.9.19.1,host 10.9.19.20 255.255.255.0,client-identifier 01f8.75a4.b59a.44
10.9.78.1,host 10.9.78.20 255.255.255.0,client-identifier 01f8.75a4.a82c.e4
10.8.228.1,host 10.8.228.20 255.255.255.0,client-identifier 01dc.4a3e.688a.70
10.9.37.1,host 10.9.37.20 255.255.255.0,client-identifier 01f8.75a4.92b0.d7
10.8.233.1,host 10.8.233.20 255.255.255.0,client-identifier 0100.2b67.4ea3.06
10.10.206.1,host 10.10.206.20 255.255.255.0,client-identifier 01f8.75a4.ab1d.34
10.9.6.1,host 10.9.6.20 255.255.255.0,client-identifier 01f8.75a4.b597.d7
10.9.36.1,host 10.9.36.20 255.255.255.0,client-identifier 01f8.75a4.99b7.d9
10.8.236.1,host 10.8.236.20 255.255.255.0,client-identifier 01f8.75a4.d308.85
10.8.201.1,host 10.8.201.20 255.255.255.0,client-identifier 01a4.bb6d.591f.70
10.8.226.1,host 10.8.226.20 255.255.255.0,client-identifier 01f8.75a4.9391.75
10.9.88.1,host 10.9.88.20 255.255.255.0,client-identifier 0100.2b67.4e9c.b4
10.8.219.1,host 10.8.219.20 255.255.255.0,client-identifier 01f8.75a4.b594.2d
10.9.9.1,host 10.9.9.20 255.255.255.0,client-identifier 01f8.75a4.d770.81
10.8.223.1,host 10.8.223.20 255.255.255.0,client-identifier 01f8.75a4.a836.71
10.9.38.1,host 10.9.38.20 255.255.255.0,client-identifier 0100.2b67.4128.41
10.8.225.1,host 10.8.225.20 255.255.255.0,client-identifier 0100.2b67.45c3.6f
10.8.229.1,host 10.8.229.20 255.255.255.0,client-identifier 0100.2b67.3e6f.f9
10.8.206.1,host 10.8.206.20 255.255.255.0,client-identifier 0100.2b67.4ea7.28
10.8.211.1,host 10.8.211.20 255.255.255.0,client-identifier 0100.2b67.3dc4.09
10.8.214.1,host 10.8.214.20 255.255.255.0,client-identifier 0100.2b67.e202.a0
10.8.215.1,host 10.8.215.20 255.255.255.0,client-identifier 0100.2b67.51bc.06
10.8.217.1,host 10.8.217.20 255.255.255.0,client-identifier 01f8.75a4.b59a.6c
10.8.200.1,host 10.8.200.20 255.255.255.0,client-identifier 0100.2b67.4ea5.eb
10.9.64.1,host 10.9.64.20 255.255.255.0,client-identifier 01f8.75a4.99bf.5e
10.8.227.1,host 10.8.227.20 255.255.255.0,client-identifier 01dc.4a3e.688a.45
10.8.230.1,host 10.8.230.20 255.255.255.0,client-identifier 0194.57a5.f13f.92
10.8.235.1,host 10.8.235.20 255.255.255.0,client-identifier 01a4.bb6d.7bd1.1f
10.8.237.1,host 10.8.237.20 255.255.255.0,client-identifier 0100.2b67.4c2a.41
10.8.240.1,host 10.8.240.20 255.255.255.0,client-identifier 01f8.75a4.9dcc.3f
10.8.242.1,host 10.8.242.20 255.255.255.0,client-identifier 0100.2b67.4c2d.6f
10.8.243.1,host 10.8.243.20 255.255.255.0,client-identifier 0100.2b67.4c30.ed
10.8.247.1,host 10.8.247.20 255.255.255.0,client-identifier 01dc.4a3e.7755.ae
10.8.248.1,host 10.8.248.20 255.255.255.0,client-identifier 0100.2b67.3036.e2
10.8.249.1,host 10.8.249.20 255.255.255.0,client-identifier 0100.2b67.33cd.4c
10.9.83.1,host 10.9.83.20 255.255.255.0,client-identifier 01f8.75a4.92a6.be
10.9.91.1,host 10.9.91.20 255.255.255.0,client-identifier 01f8.75a4.92a7.02
10.8.246.1,host 10.8.246.20 255.255.255.0,client-identifier 01dc.4a3e.6b44.3c
10.8.209.1,host 10.8.209.20 255.255.255.0,client-identifier 0194.57a5.f2fd.96
10.9.99.1,host 10.9.99.20 255.255.255.0,client-identifier 0194.c691.f06a.6e
10.8.199.1,host 10.8.199.20 255.255.255.0,client-identifier 0118.66da.177f.b2
10.9.35.1,host 10.9.35.20 255.255.255.0,client-identifier 01dc.4a3e.94d4.fe
10.8.231.1,host 10.8.231.20 255.255.255.0,client-identifier 01dc.4a3e.971a.e0
10.8.245.1,host 10.8.245.20 255.255.255.0,client-identifier 01dc.4a3e.7763.44
10.8.162.1,host 10.8.162.20 255.255.255.0,client-identifier 01a4.bb6d.7e48.9d
10.8.163.1,host 10.8.163.20 255.255.255.0,client-identifier 01dc.4a3e.688b.d9
10.8.161.1,host 10.8.161.20 255.255.255.0,client-identifier 0118.66da.1729.54
10.8.172.1,host 10.8.172.20 255.255.255.0,client-identifier 0118.66da.173e.c8
10.8.169.1,host 10.8.169.20 255.255.255.0,client-identifier 01dc.4a3e.7762.f1
10.9.97.1,host 10.9.97.20 255.255.255.0,client-identifier 0194.57a5.f13b.6a
10.8.171.1,host 10.8.171.20 255.255.255.0,client-identifier 0148.0fcf.5b7c.1e
10.8.170.1,host 10.8.170.20 255.255.255.0,client-identifier 0118.66da.1796.60
10.8.160.1,host 10.8.160.20 255.255.255.0,client-identifier 01dc.4a3e.688a.6f
10.8.167.1,host 10.8.167.20 255.255.255.0,client-identifier 01dc.4a3e.9b56.e1
10.8.159.1,host 10.8.159.20 255.255.255.0,client-identifier 01dc.4a3e.9a5c.88
10.8.174.1,host 10.8.174.20 255.255.255.0,client-identifier 0118.66da.3837.7a
10.8.168.1,host 10.8.168.20 255.255.255.0,client-identifier 0118.66da.2f9c.27
10.8.165.1,host 10.8.165.20 255.255.255.0,client-identifier 01dc.4a3e.7754.be
10.8.175.1,host 10.8.175.20 255.255.255.0,client-identifier 01dc.4a3e.7762.a8
10.9.104.1,host 10.9.104.20 255.255.255.0,client-identifier 0118.66da.1800.ce
10.8.218.1,host 10.8.218.20 255.255.255.0,client-identifier 0118.66da.1784.5e
10.8.173.1,host 10.8.173.20 255.255.255.0,client-identifier 0100.2b67.4124.35
10.8.166.1,host 10.8.166.20 255.255.255.0,client-identifier 0194.57a5.f2fa.25
10.8.157.1,host 10.8.157.20 255.255.255.0,client-identifier 0194.c691.5e3c.d1
10.8.164.1,host 10.8.164.20 255.255.255.0,client-identifier 01dc.4a3e.71bd.1d
10.8.239.1,host 10.8.239.20 255.255.255.0,client-identifier 0118.66da.1698.a2
10.9.119.1,host 10.9.119.20 255.255.255.0,client-identifier 016c.2408.479b.49
10.9.120.1,host 10.9.120.20 255.255.255.0,client-identifier 01dc.4a3e.9b54.94
10.9.116.1,host 10.9.116.20 255.255.255.0,client-identifier 01dc.4a3e.967f.b4
10.9.124.1,host 10.9.124.20 255.255.255.0,client-identifier 01dc.4a3e.6b42.ad
10.9.125.1,host 10.9.125.20 255.255.255.0,client-identifier 01dc.4a3e.971a.8a
10.9.105.1,host 10.9.105.20 255.255.255.0,client-identifier 01dc.4a3e.9b53.c4
10.9.106.1,host 10.9.106.20 255.255.255.0,client-identifier 01dc.4a3e.9715.fa
10.9.100.1,host 10.9.100.20 255.255.255.0,client-identifier 0194.c691.5e42.3b
10.9.133.1,host 10.9.133.20 255.255.255.0,client-identifier 0118.66da.1789.c8
10.9.102.1,host 10.9.102.20 255.255.255.0,client-identifier 0118.66da.178a.49
10.9.138.1,host 10.9.138.20 255.255.255.0,client-identifier 0118.66da.1698.78
10.9.107.1,host 10.9.107.20 255.255.255.0,client-identifier 0118.66da.17d0.53
10.9.108.1,host 10.9.108.20 255.255.255.0,client-identifier 0118.66da.17ea.b8
10.9.109.1,host 10.9.109.20 255.255.255.0,client-identifier 0148.4d7e.f6c8.44
10.9.113.1,host 10.9.113.20 255.255.255.0,client-identifier 0118.66da.1805.6b
10.9.139.1,host 10.9.139.20 255.255.255.0,client-identifier 0118.66da.3332.39
10.9.140.1,host 10.9.140.20 255.255.255.0,client-identifier 0118.66da.1807.45
10.9.142.1,host 10.9.142.20 255.255.255.0,client-identifier 0118.66da.1696.82
10.9.145.1,host 10.9.145.20 255.255.255.0,client-identifier 0118.66da.332f.4f
10.9.146.1,host 10.9.146.20 255.255.255.0,client-identifier 0118.66da.16a4.4a
10.9.151.1,host 10.9.151.20 255.255.255.0,client-identifier 0118.66da.174e.34
10.9.155.1,host 10.9.155.20 255.255.255.0,client-identifier 01f8.75a4.8aa7.c3
10.9.111.1,host 10.9.111.20 255.255.255.0,client-identifier 01dc.4a3e.9b56.d8
10.9.114.1,host 10.9.114.20 255.255.255.0,client-identifier 0118.66da.16d1.bc
10.9.98.1,host 10.9.98.20 255.255.255.0,client-identifier 0194.c691.f065.0c
10.9.101.1,host 10.9.101.20 255.255.255.0,client-identifier 0118.66da.16c7.54
10.9.159.1,host 10.9.159.20 255.255.255.0,client-identifier 0118.66da.1789.5a
10.9.112.1,host 10.9.112.20 255.255.255.0,client-identifier 0118.66da.3428.b2
10.9.161.1,host 10.9.161.20 255.255.255.0,client-identifier 0118.66da.335f.9c
10.8.216.1,host 10.8.216.20 255.255.255.0,client-identifier 01dc.4a3e.9a5c.57
10.8.221.1,host 10.8.221.20 255.255.255.0,client-identifier 0118.66da.177d.06
10.8.210.1,host 10.8.210.20 255.255.255.0,client-identifier 01dc.4a3e.6b41.4f
10.8.238.1,host 10.8.238.20 255.255.255.0,client-identifier 01dc.4a3e.9b56.e7
10.8.241.1,host 10.8.241.20 255.255.255.0,client-identifier 0118.66da.177a.2c
10.9.132.1,host 10.9.132.20 255.255.255.0,client-identifier 0118.66da.178c.2f
10.9.137.1,host 10.9.137.20 255.255.255.0,client-identifier 01dc.4a3e.9719.7c
10.9.156.1,host 10.9.156.20 255.255.255.0,client-identifier 01dc.4a3e.9a5c.bd
10.9.158.1,host 10.9.158.20 255.255.255.0,client-identifier 01dc.4a3e.9b57.25
10.9.160.1,host 10.9.160.20 255.255.255.0,client-identifier 0170.5a0f.3082.06
10.9.166.1,host 10.9.166.20 255.255.255.0,client-identifier 01dc.4a3e.6b44.42
10.9.167.1,host 10.9.167.20 255.255.255.0,client-identifier 0118.6024.86a5.31
10.9.170.1,host 10.9.170.20 255.255.255.0,client-identifier 01dc.4a3e.71bc.79
10.9.171.1,host 10.9.171.20 255.255.255.0,client-identifier 01dc.4a3e.6883.cf
10.9.174.1,host 10.9.174.20 255.255.255.0,client-identifier 0194.57a5.f13b.53
10.9.177.1,host 10.9.177.20 255.255.255.0,client-identifier 0194.57a5.f2fd.90
10.9.115.1,host 10.9.115.20 255.255.255.0,client-identifier 01a4.bb6d.7f89.70
10.9.110.1,host 10.9.110.20 255.255.255.0,client-identifier 01dc.4a3e.971a.a7
10.9.172.1,host 10.9.172.20 255.255.255.0,client-identifier 01dc.4a3e.7763.4f
10.8.220.1,host 10.8.220.20 255.255.255.0,client-identifier 01dc.4a3e.9a5c.c5
10.8.202.1,host 10.8.202.20 255.255.255.0,client-identifier 01dc.4a3e.6b41.4b
10.8.234.1,host 10.8.234.20 255.255.255.0,client-identifier 0118.66da.333.7e
10.9.121.1,host 10.9.121.20 255.255.255.0,client-identifier 0170.5a0f.3080.57
10.9.122.1,host 10.9.122.20 255.255.255.0,client-identifier 0170.5a0f.3080.98
10.9.126.1,host 10.9.126.20 255.255.255.0,client-identifier 0118.66da.17fd.5b
10.9.127.1,host 10.9.127.20 255.255.255.0,client-identifier 0118.66da.335b.04
10.9.128.1,host 10.9.128.20 255.255.255.0,client-identifier 01dc.4a3e.7137.36
10.9.129.1,host 10.9.129.20 255.255.255.0,client-identifier 0118.66da.16ce.57
10.9.130.1,host 10.9.130.20 255.255.255.0,client-identifier 0194.57a5.f2fd.8a
10.9.134.1,host 10.9.134.20 255.255.255.0,client-identifier 0170.5a0f.3082.5d
10.9.135.1,host 10.9.135.20 255.255.255.0,client-identifier 0118.66da.16cf.72
10.9.136.1,host 10.9.136.20 255.255.255.0,client-identifier 0118.66da.3832.e3
10.9.141.1,host 10.9.141.20 255.255.255.0,client-identifier 0194.57a5.f2f9.c6
10.9.143.1,host 10.9.143.20 255.255.255.0,client-identifier 01dc.4a3e.688d.eb
10.9.144.1,host 10.9.144.20 255.255.255.0,client-identifier 01e4.54e8.7d0f.3a
10.9.147.1,host 10.9.147.20 255.255.255.0,client-identifier 0118.66da.1760.25
10.9.148.1,host 10.9.148.20 255.255.255.0,client-identifier 01a4.bb6d.7bd0.c1
10.9.149.1,host 10.9.149.20 255.255.255.0,client-identifier 0118.66da.332e.7d
10.9.150.1,host 10.9.150.20 255.255.255.0,client-identifier 0100.2b67.45b6.3d
10.9.153.1,host 10.9.153.20 255.255.255.0,client-identifier 0118.66da.3367.c6
10.9.154.1,host 10.9.154.20 255.255.255.0,client-identifier 0118.66da.1806.32
10.9.157.1,host 10.9.157.20 255.255.255.0,client-identifier 01dc.4a3e.9a5c.59
10.9.162.1,host 10.9.162.20 255.255.255.0,client-identifier 0118.66da.336c.a1
10.9.168.1,host 10.9.168.20 255.255.255.0,client-identifier 01f8.75a4.9ddc.d0
10.9.169.1,host 10.9.169.20 255.255.255.0,client-identifier 01dc.4a3e.71bc.69
10.9.176.1,host 10.9.176.20 255.255.255.0,client-identifier 01dc.4a3e.6b42.cb
10.9.179.1,host 10.9.179.20 255.255.255.0,client-identifier 0118.66da.3421.ad
10.9.180.1,host 10.9.180.20 255.255.255.0,client-identifier 01f8.75a4.9a16.87
10.9.163.1,host 10.9.163.20 255.255.255.0,client-identifier 01dc.4a3e.971a.9f
10.9.152.1,host 10.9.152.20 255.255.255.0,client-identifier 0100.2b67.4ea1.40
10.8.232.1,host 10.8.232.20 255.255.255.0,client-identifier 0118.66da.336c.f2
10.9.165.1,host 10.9.165.20 255.255.255.0,client-identifier 01dc.4a3e.971a.ec
10.9.123.1,host 10.9.123.20 255.255.255.0,client-identifier 01dc.4a3e.7755.8b
10.9.131.1,host 10.9.131.20 255.255.255.0,client-identifier 0118.66da.16d8.60
10.9.164.1,host 10.9.164.20 255.255.255.0,client-identifier 0118.66da.1801.46
10.9.117.1,host 10.9.117.20 255.255.255.0,client-identifier 01dc.4a3e.6b44.8c
10.9.175.1,host 10.9.175.20 255.255.255.0,client-identifier 01dc.4a3e.9b54.9c
10.9.178.1,host 10.9.178.20 255.255.255.0,client-identifier 0118.66da.3318.4b
10.9.173.1,host 10.9.173.20 255.255.255.0,client-identifier 0194.c691.3493.6b
10.9.182.1,host 10.9.182.20 255.255.255.0,client-identifier 01dc.4a3e.971a.c3
10.9.183.1,host 10.9.183.20 255.255.255.0,client-identifier 01dc.4a3e.9718.29
10.9.184.1,host 10.9.184.20 255.255.255.0,client-identifier 01f8.75a4.99b4.4b
10.9.185.1,host 10.9.185.20 255.255.255.0,client-identifier 0118.66da.17fd.e6
10.10.240.1,host 10.10.240.20 255.255.255.0,client-identifier 01a4.bb6d.591f.83
10.9.187.1,host 10.9.187.20 255.255.255.0,client-identifier 01dc.4a3e.7763.4e
10.9.212.1,host 10.9.212.20 255.255.255.0,client-identifier 01d8.9ef3.147e.59
10.9.188.1,host 10.9.188.20 255.255.255.0,client-identifier 0118.66da.3357.f4
10.9.189.1,host 10.9.189.20 255.255.255.0,client-identifier 01d8.9ef3.1a18.4b
10.9.213.1,host 10.9.213.20 255.255.255.0,client-identifier 0118.66da.334e.c7
10.9.214.1,host 10.9.214.20 255.255.255.0,client-identifier 01d8.9ef3.1310.41
10.9.190.1,host 10.9.190.20 255.255.255.0,client-identifier 01dc.4a3e.971b.02
10.9.215.1,host 10.9.215.20 255.255.255.0,client-identifier 0170.5a0f.3082.35
10.9.191.1,host 10.9.191.20 255.255.255.0,client-identifier 01dc.4a3e.9b57.22
10.9.192.1,host 10.9.192.20 255.255.255.0,client-identifier 01d8.9ef3.137c.78
10.9.216.1,host 10.9.216.20 255.255.255.0,client-identifier 0118.66da.335b.1d
10.9.217.1,host 10.9.217.20 255.255.255.0,client-identifier 0118.66da.2fa3.3a
10.9.218.1,host 10.9.218.20 255.255.255.0,client-identifier 01d8.9ef3.13f1.c4
10.9.193.1,host 10.9.193.20 255.255.255.0,client-identifier 0100.2b67.4ea2.40
10.9.194.1,host 10.9.194.20 255.255.255.0,client-identifier 0100.2b67.4ea3.05
10.9.219.1,host 10.9.219.20 255.255.255.0,client-identifier 01d8.9ef3.1481.fa
10.9.195.1,host 10.9.195.20 255.255.255.0,client-identifier 01dc.4a3e.9b56.d7
10.9.196.1,host 10.9.196.20 255.255.255.0,client-identifier 01dc.4a3e.971a.e3
10.9.197.1,host 10.9.197.20 255.255.255.0,client-identifier 0170.5a0f.3082.10
10.9.220.1,host 10.9.220.20 255.255.255.0,client-identifier 0194.57a5.f2fc.f1
10.9.198.1,host 10.9.198.20 255.255.255.0,client-identifier 0194.57a5.f2fc.38
10.9.199.1,host 10.9.199.20 255.255.255.0,client-identifier 0194.57a5.f2fd.7b
10.9.200.1,host 10.9.200.20 255.255.255.0,client-identifier 01dc.4a3e.6b44.6e
10.9.201.1,host 10.9.201.20 255.255.255.0,client-identifier 0118.6024.82ed.23
10.9.202.1,host 10.9.202.20 255.255.255.0,client-identifier 01f8.75a4.96b0.f8
10.9.203.1,host 10.9.203.20 255.255.255.0,client-identifier 0170.5a0f.3080.c4
10.9.221.1,host 10.9.221.20 255.255.255.0,client-identifier 01dc.4a3e.688a.89
10.9.222.1,host 10.9.222.20 255.255.255.0,client-identifier 016c.2408.4b99.49
10.9.204.1,host 10.9.204.20 255.255.255.0,client-identifier 01dc.4a3e.967e.4f
10.9.205.1,host 10.9.205.20 255.255.255.0,client-identifier 01f8.75a4.96af.12
10.9.206.1,host 10.9.206.20 255.255.255.0,client-identifier 0154.bf64.a43d.0a
10.9.207.1,host 10.9.207.20 255.255.255.0,client-identifier 0118.6024.86a6.18
10.9.223.1,host 10.9.223.20 255.255.255.0,client-identifier 01dc.4a3e.7762.f6
10.9.224.1,host 10.9.224.20 255.255.255.0,client-identifier 0118.66da.2f88.c6
10.9.225.1,host 10.9.225.20 255.255.255.0,client-identifier 01dc.4a3e.9a5a.60
10.9.208.1,host 10.9.208.20 255.255.255.0,client-identifier 0118.6024.8b14.63
10.9.226.1,host 10.9.226.20 255.255.255.0,client-identifier 0118.66da.177a.1a
10.9.227.1,host 10.9.227.20 255.255.255.0,client-identifier 0194.57a5.f2fa.2b
10.9.209.1,host 10.9.209.20 255.255.255.0,client-identifier 01f8.75a4.96b3.00
10.9.210.1,host 10.9.210.20 255.255.255.0,client-identifier 01dc.4a3e.9b57.4c
10.9.228.1,host 10.9.228.20 255.255.255.0,client-identifier 0118.66da.1697.3b
10.9.229.1,host 10.9.229.20 255.255.255.0,client-identifier 01dc.4a3e.9a5c.cb
10.9.230.1,host 10.9.230.20 255.255.255.0,client-identifier 01dc.4a3e.9a5a.88
10.9.231.1,host 10.9.231.20 255.255.255.0,client-identifier 01dc.4a3e.9b57.44
10.9.211.1,host 10.9.211.20 255.255.255.0,client-identifier 01dc.4a3e.688c.ce
10.6.145.1,host 10.6.145.20 255.255.255.0,client-identifier 01d8.9ef3.1481.9f
10.9.5.1,host 10.9.5.20 255.255.255.0,client-identifier 01d8.9ef3.15b6.2c
10.6.199.1,host 10.6.199.20 255.255.255.0,client-identifier 01d8.9ef3.1a10.67
10.8.70.1,host 10.8.70.20 255.255.255.0,client-identifier 01d8.9ef3.1a1e.10
10.8.74.1,host 10.8.74.20 255.255.255.0,client-identifier 01d8.9ef3.3a07.d6
10.8.96.1,host 10.8.96.20 255.255.255.0,client-identifier 01d8.9ef3.163b.f3
10.8.101.1,host 10.8.101.20 255.255.255.0,client-identifier 01d8.9ef3.15b1.e5
10.8.102.1,host 10.8.102.20 255.255.255.0,client-identifier 01d8.9ef3.163b.cf
10.8.105.1,host 10.8.105.20 255.255.255.0,client-identifier 01d8.9ef3.1a10.50
10.8.204.1,host 10.8.204.20 255.255.255.0,client-identifier 01d8.9ef3.19d4.e9
10.8.205.1,host 10.8.205.20 255.255.255.0,client-identifier 01d8.9ef3.1a1c.85
10.8.208.1,host 10.8.208.20 255.255.255.0,client-identifier 01d8.9ef3.1a1e.b4
10.9.51.1,host 10.9.51.20 255.255.255.0,client-identifier 01d8.9ef3.1a10.66
10.9.55.1,host 10.9.55.20 255.255.255.0,client-identifier 01d8.9ef3.1554.5c
10.6.28.1,host 10.6.28.20 255.255.255.0,client-identifier 01d8.9ef3.158b.68
10.8.60.1,host 10.8.60.20 255.255.255.0,client-identifier 01d8.9ef3.163a.54
10.9.10.1,host 10.9.10.20 255.255.255.0,client-identifier 01d8.9ef3.158b.fe
10.9.42.1,host 10.9.42.20 255.255.255.0,client-identifier 01a4.bb6d.bcb9.7a
10.9.43.1,host 10.9.43.20 255.255.255.0,client-identifier 01d8.9ef3.1720.61
10.9.44.1,host 10.9.44.20 255.255.255.0,client-identifier 01d8.9ef3.163b.71
10.9.45.1,host 10.9.45.20 255.255.255.0,client-identifier 01d8.9ef3.163b.58
10.9.46.1,host 10.9.46.20 255.255.255.0,client-identifier 01d8.9ef3.15b5.0b
10.9.47.1,host 10.9.47.20 255.255.255.0,client-identifier 01d8.9ef3.158b.f4
10.9.48.1,host 10.9.48.20 255.255.255.0,client-identifier 01d8.9ef3.163b.6a
10.9.50.1,host 10.9.50.20 255.255.255.0,client-identifier 01d8.9ef3.1a21.84
10.9.60.1,host 10.9.60.20 255.255.255.0,client-identifier 0118.66da.17f6.23
10.8.213.1,host 10.8.213.20 255.255.255.0,client-identifier 01d8.9ef3.13f1.cc
10.8.224.1,host 10.8.224.20 255.255.255.0,client-identifier 01d8.9ef3.1a1c.71
10.9.7.1,host 10.9.7.20 255.255.255.0,client-identifier 01d8.9ef3.1a01.04
10.6.30.1,host 10.6.30.20 255.255.255.0,client-identifier 01d8.9ef3.1481.2b
10.6.31.1,host 10.6.31.20 255.255.255.0,client-identifier 01d8.9ef3.1480.11
10.6.42.1,host 10.6.42.20 255.255.255.0,client-identifier 01d8.9ef3.1481.bc
10.6.43.1,host 10.6.43.20 255.255.255.0,client-identifier 01d8.9ef3.1481.93
10.7.47.1,host 10.7.47.20 255.255.255.0,client-identifier 01d8.9ef3.158b.df
10.7.49.1,host 10.7.49.20 255.255.255.0,client-identifier 01d8.9ef3.1481.da
10.10.35.1,host 10.10.35.20 255.255.255.0,client-identifier 01d8.9ef3.1a18.17
10.7.129.1,host 10.7.129.20 255.255.255.0,client-identifier 01d8.9ef3.1481.ee
10.7.130.1,host 10.7.130.20 255.255.255.0,client-identifier 01d8.9ef3.1633.a7
10.7.139.1,host 10.7.139.20 255.255.255.0,client-identifier 01d8.9ef3.1639.6a
10.7.156.1,host 10.7.156.20 255.255.255.0,client-identifier 01d8.9ef3.158b.2c
10.8.45.1,host 10.8.45.20 255.255.255.0,client-identifier 01d8.9ef3.158b.11
10.9.18.1,host 10.9.18.20 255.255.255.0,client-identifier 01dc.4a3e.9710.7c
10.7.128.1,host 10.7.128.20 255.255.255.0,client-identifier 01d8.9ef3.3f3e.cc
10.9.49.1,host 10.9.49.20 255.255.255.0,client-identifier 01d8.9ef3.130e.cf
10.9.65.1,host 10.9.65.20 255.255.255.0,client-identifier 01d8.9ef3.1480.48
10.9.66.1,host 10.9.66.20 255.255.255.0,client-identifier 01d8.9ef3.1554.13
10.9.67.1,host 10.9.67.20 255.255.255.0,client-identifier 01d8.9ef3.1482.cb
10.10.222.1,host 10.10.222.20 255.255.255.0,client-identifier 01d8.9ef3.1a1e.ce
10.10.13.1,host 10.10.13.20 255.255.255.0,client-identifier 0194.c691.349f.2b
10.10.73.1,host 10.10.73.20 255.255.255.0,client-identifier 0194.c691.f06a.71
10.10.74.1,host 10.10.74.20 255.255.255.0,client-identifier 01d8.9ef3.13f6.d2
10.10.75.1,host 10.10.75.20 255.255.255.0,client-identifier 01d8.9ef3.1a1a.a6
10.10.14.1,host 10.10.14.20 255.255.255.0,client-identifier 0194.c691.349a.ac
10.10.169.1,host 10.10.169.20 255.255.255.0,client-identifier 01a4.bb6d.7e30.1e
10.10.15.1,host 10.10.15.20 255.255.255.0,client-identifier 01d8.9ef3.15b6.48
10.10.168.1,host 10.10.168.20 255.255.255.0,client-identifier 0194.c691.f06b.6f
10.10.90.1,host 10.10.90.20 255.255.255.0,client-identifier 0194.c691.3391.c8
10.10.16.1,host 10.10.16.20 255.255.255.0,client-identifier 0194.c691.3392.05
10.10.57.1,host 10.10.57.20 255.255.255.0,client-identifier 0194.c691.3391.f9
10.10.17.1,host 10.10.17.20 255.255.255.0,client-identifier 0194.c691.3493.66
10.10.18.1,host 10.10.18.20 255.255.255.0,client-identifier 0194.c691.3395.4b
10.10.19.1,host 10.10.19.20 255.255.255.0,client-identifier 0194.c691.f53f.53
10.10.20.1,host 10.10.20.20 255.255.255.0,client-identifier 0194.c691.3394.a3
10.10.173.1,host 10.10.173.20 255.255.255.0,client-identifier 0194.c691.f06d.fe
10.10.63.1,host 10.10.63.20 255.255.255.0,client-identifier 0194.c691.3394.47
10.10.59.1,host 10.10.59.20 255.255.255.0,client-identifier 0194.c691.3494.5e
10.10.64.1,host 10.10.64.20 255.255.255.0,client-identifier 0194.c691.3496.fa
10.10.58.1,host 10.10.58.20 255.255.255.0,client-identifier 01d8.9ef3.1a10.5f
10.10.87.1,host 10.10.87.20 255.255.255.0,client-identifier 0194.c691.3395.46
10.10.65.1,host 10.10.65.20 255.255.255.0,client-identifier 01d8.9ef3.1a19.33
10.10.89.1,host 10.10.89.20 255.255.255.0,client-identifier 0194.c691.3392.3e
10.10.76.1,host 10.10.76.20 255.255.255.0,client-identifier 0194.c691.3392.18
10.10.165.1,host 10.10.165.20 255.255.255.0,client-identifier 0194.c691.3391.d6
10.10.77.1,host 10.10.77.20 255.255.255.0,client-identifier 0194.c691.3392.42
10.10.62.1,host 10.10.62.20 255.255.255.0,client-identifier 0194.c691.3395.99
10.10.166.1,host 10.10.166.20 255.255.255.0,client-identifier 0194.c691.f064.98
10.10.167.1,host 10.10.167.20 255.255.255.0,client-identifier 0194.c691.f18f.30
10.10.78.1,host 10.10.78.20 255.255.255.0,client-identifier 0194.c691.3395.86
10.10.66.1,host 10.10.66.20 255.255.255.0,client-identifier 0194.c691.3397.1b
10.10.67.1,host 10.10.67.20 255.255.255.0,client-identifier 01a4.bb6d.bcc6.24
10.10.21.1,host 10.10.21.20 255.255.255.0,client-identifier 0194.c691.3049.fa
10.10.68.1,host 10.10.68.20 255.255.255.0,client-identifier 0194.c691.3391.8c
10.10.22.1,host 10.10.22.20 255.255.255.0,client-identifier 0194.c691.3393.61
10.10.23.1,host 10.10.23.20 255.255.255.0,client-identifier 0194.c691.3395.dc
10.10.69.1,host 10.10.69.20 255.255.255.0,client-identifier 0194.c691.3c17.a3
10.10.170.1,host 10.10.170.20 255.255.255.0,client-identifier 0194.c691.f06b.72
10.10.70.1,host 10.10.70.20 255.255.255.0,client-identifier 0194.c691.3494.d3
10.10.24.1,host 10.10.24.20 255.255.255.0,client-identifier 0194.c691.f06a.0e
10.10.61.1,host 10.10.61.20 255.255.255.0,client-identifier 0194.c691.3394.5f
10.10.71.1,host 10.10.71.20 255.255.255.0,client-identifier 0194.c691.3496.e1
10.10.72.1,host 10.10.72.20 255.255.255.0,client-identifier 0194.c691.3395.0c
10.10.25.1,host 10.10.25.20 255.255.255.0,client-identifier 0194.c691.3391.ad
10.10.26.1,host 10.10.26.20 255.255.255.0,client-identifier 0194.c691.3395.9e
10.10.27.1,host 10.10.27.20 255.255.255.0,client-identifier 0194.c691.3397.02
10.10.28.1,host 10.10.28.20 255.255.255.0,client-identifier 0194.c691.f068.45
10.10.164.1,host 10.10.164.20 255.255.255.0,client-identifier 0194.c691.f064.61
10.10.163.1,host 10.10.163.20 255.255.255.0,client-identifier 0194.c691.3395.1a
10.10.79.1,host 10.10.79.20 255.255.255.0,client-identifier 0194.c691.3499.e5
10.10.88.1,host 10.10.88.20 255.255.255.0,client-identifier 0194.c691.3391.fe
10.10.60.1,host 10.10.60.20 255.255.255.0,client-identifier 01d8.9ef3.1639.fb
10.10.29.1,host 10.10.29.20 255.255.255.0,client-identifier 0194.c691.3397.ef
10.10.30.1,host 10.10.30.20 255.255.255.0,client-identifier 0194.c691.3395.53
10.10.80.1,host 10.10.80.20 255.255.255.0,client-identifier 0194.c691.349b.ff
10.10.174.1,host 10.10.174.20 255.255.255.0,client-identifier 01d8.9ef3.15b4.ff
10.10.172.1,host 10.10.172.20 255.255.255.0,client-identifier 0194.c691.f06c.e4
10.10.171.1,host 10.10.171.20 255.255.255.0,client-identifier 0194.c691.f06b.5a
10.13.25.1,host 10.13.25.20 255.255.255.0,client-identifier 0100.2b67.4c2e.b9
10.10.31.1,host 10.10.31.20 255.255.255.0,client-identifier 0194.c691.3495.ab
10.10.32.1,host 10.10.32.20 255.255.255.0,client-identifier 0194.c691.3392.47
10.10.33.1,host 10.10.33.20 255.255.255.0,client-identifier 0194.c691.3499.42
10.10.175.1,host 10.10.175.20 255.255.255.0,client-identifier 01a4.bb6d.5936.11
10.10.34.1,host 10.10.34.20 255.255.255.0,client-identifier 0194.c691.349f.2f
10.10.81.1,host 10.10.81.20 255.255.255.0,client-identifier 0194.c691.3391.52
10.10.158.1,host 10.10.158.20 255.255.255.0,client-identifier 01f4.b520.4586.75
10.10.138.1,host 10.10.138.20 255.255.255.0,client-identifier 0194.c691.3ca2.00
10.10.111.1,host 10.10.111.20 255.255.255.0,client-identifier 01f4.4d30.be49.7e
10.10.44.1,host 10.10.44.20 255.255.255.0,client-identifier 0194.c691.3c6a.95
10.10.10.1,host 10.10.10.20 255.255.255.0,client-identifier 01a4.bb6d.7ee2.cf
10.10.9.1,host 10.10.9.20 255.255.255.0,client-identifier 0194.c691.3c16.e6
10.10.106.1,host 10.10.106.20 255.255.255.0,client-identifier 0194.c691.3394.89
10.10.122.1,host 10.10.122.20 255.255.255.0,client-identifier 0194.c691.3c49.99
10.10.40.1,host 10.10.40.20 255.255.255.0,client-identifier 01f4.4d30.ae76.fd
10.10.126.1,host 10.10.126.20 255.255.255.0,client-identifier 01f8.75a4.9dda.99
10.10.191.1,host 10.10.191.20 255.255.255.0,client-identifier 0100.2b67.4e9d.9e
10.10.156.1,host 10.10.156.20 255.255.255.0,client-identifier 0194.c691.3393.64
10.10.127.1,host 10.10.127.20 255.255.255.0,client-identifier 0118.66da.17f9.8c
10.13.36.1,host 10.13.36.20 255.255.255.0,client-identifier 01a4.bb6d.7e8d.ce
10.10.128.1,host 10.10.128.20 255.255.255.0,client-identifier 0118.66da.177a.7a
10.10.129.1,host 10.10.129.20 255.255.255.0,client-identifier 01dc.4a3e.971a.d0
10.10.131.1,host 10.10.131.20 255.255.255.0,client-identifier 0194.c691.349d.2c
10.10.115.1,host 10.10.115.20 255.255.255.0,client-identifier 0194.c691.349e.6e
10.11.36.1,host 10.11.36.20 255.255.255.0,client-identifier 0194.c691.349d.12
10.10.149.1,host 10.10.149.20 255.255.255.0,client-identifier 01f8.75a4.96c7.ce
10.10.150.1,host 10.10.150.20 255.255.255.0,client-identifier 0194.c691.5e35.8f
10.10.132.1,host 10.10.132.20 255.255.255.0,client-identifier 0194.c691.3c96.02
10.10.146.1,host 10.10.146.20 255.255.255.0,client-identifier 01f8.75a4.9dd9.fd
10.10.134.1,host 10.10.134.20 255.255.255.0,client-identifier 0100.2b67.4c25.1c
10.10.198.1,host 10.10.198.20 255.255.255.0,client-identifier 01f8.75a4.ab18.22
10.11.33.1,host 10.11.33.20 255.255.255.0,client-identifier 01a4.bb6d.7e31.10
10.10.133.1,host 10.10.133.20 255.255.255.0,client-identifier 0194.c691.3494.05
10.10.117.1,host 10.10.117.20 255.255.255.0,client-identifier 01f8.75a4.a829.42
10.10.116.1,host 10.10.116.20 255.255.255.0,client-identifier 01f8.75a4.ab14.0f
10.10.137.1,host 10.10.137.20 255.255.255.0,client-identifier 0194.c691.3397.cd
10.10.136.1,host 10.10.136.20 255.255.255.0,client-identifier 01a4.bb6d.5922.e5
10.10.113.1,host 10.10.113.20 255.255.255.0,client-identifier 0194.c691.3c4e.2a
10.10.147.1,host 10.10.147.20 255.255.255.0,client-identifier 0100.2b67.3e69.2f
10.10.135.1,host 10.10.135.20 255.255.255.0,client-identifier 0100.2b67.4125.eb
10.10.130.1,host 10.10.130.20 255.255.255.0,client-identifier 0100.2b67.4c27.0c
10.10.114.1,host 10.10.114.20 255.255.255.0,client-identifier 01f8.75a4.bd53.fc
10.9.92.1,host 10.9.92.20 255.255.255.0,client-identifier 0194.c691.349a.14
10.10.249.1,host 10.10.249.20 255.255.255.0,client-identifier 01a4.bb6d.591f.6a
10.11.0.1,host 10.11.0.20 255.255.255.0,client-identifier 01a4.bb6d.591f.72
10.10.232.1,host 10.10.232.20 255.255.255.0,client-identifier 01a4.bb6d.591b.7b
10.10.207.1,host 10.10.207.20 255.255.255.0,client-identifier 0100.2b67.4128.10
10.10.212.1,host 10.10.212.20 255.255.255.0,client-identifier 01f8.75a4.9de5.b5
10.10.223.1,host 10.10.223.20 255.255.255.0,client-identifier 01f8.75a4.8dcf.ab
10.10.228.1,host 10.10.228.20 255.255.255.0,client-identifier 01f8.75a4.a82b.91
10.10.197.1,host 10.10.197.20 255.255.255.0,client-identifier 0100.2b67.3dc1.92
10.8.0.1,host 10.8.0.20 255.255.255.0,client-identifier 01a4.bb6d.7bd1.25
10.10.247.1,host 10.10.247.20 255.255.255.0,client-identifier 01f8.75a4.8dcd.8f
10.10.231.1,host 10.10.231.20 255.255.255.0,client-identifier 0100.2b67.45dc.b0
10.10.199.1,host 10.10.199.20 255.255.255.0,client-identifier 01f8.75a4.99ae.8e
10.9.93.1,host 10.9.93.20 255.255.255.0,client-identifier 01a4.bb6d.591f.38
10.10.225.1,host 10.10.225.20 255.255.255.0,client-identifier 01f8.75a4.99c2.f6
10.10.246.1,host 10.10.246.20 255.255.255.0,client-identifier 01a4.bb6d.591e.ff
10.10.245.1,host 10.10.245.20 255.255.255.0,client-identifier 0100.2b67.5a86.8b
10.11.1.1,host 10.11.1.20 255.255.255.0,client-identifier 01a4.bb6d.7bd2.e1
10.10.239.1,host 10.10.239.20 255.255.255.0,client-identifier 01a4.bb6d.5920.29
10.10.196.1,host 10.10.196.20 255.255.255.0,client-identifier 0100.2b67.4e9b.bf
10.10.248.1,host 10.10.248.20 255.255.255.0,client-identifier 01a4.bb6d.7ea6.2a
10.9.90.1,host 10.9.90.20 255.255.255.0,client-identifier 01a4.bb6d.7f85.7d
10.10.194.1,host 10.10.194.20 255.255.255.0,client-identifier 01f8.75a4.9a13.35
10.10.195.1,host 10.10.195.20 255.255.255.0,client-identifier 01f8.75a4.9ddd.b1
10.10.209.1,host 10.10.209.20 255.255.255.0,client-identifier 01f8.75a4.9dda.9b
10.8.197.1,host 10.8.197.20 255.255.255.0,client-identifier 01a4.bb6d.7e35.5a
10.8.198.1,host 10.8.198.20 255.255.255.0,client-identifier 01a4.bb6d.7ebf.fc
10.9.80.1,host 10.9.80.20 255.255.255.0,client-identifier 01a4.bb6d.5922.f0
10.10.203.1,host 10.10.203.20 255.255.255.0,client-identifier 0100.2b67.3e71.50
10.11.12.1,host 10.11.12.20 255.255.255.0,client-identifier 01a4.bb6d.7e49.30
10.10.204.1,host 10.10.204.20 255.255.255.0,client-identifier 01f8.75a4.9ddc.c7
10.9.95.1,host 10.9.95.20 255.255.255.0,client-identifier 01a4.bb6d.7f22.a5
10.11.13.1,host 10.11.13.20 255.255.255.0,client-identifier 01a4.bb6d.800f.9e
10.10.217.1,host 10.10.217.20 255.255.255.0,client-identifier 01f8.75a4.92b0.3c
10.10.211.1,host 10.10.211.20 255.255.255.0,client-identifier 01f8.75a4.9ddb.ae
10.10.250.1,host 10.10.250.20 255.255.255.0,client-identifier 01a4.bb6d.592a.13
10.10.214.1,host 10.10.214.20 255.255.255.0,client-identifier 01f8.75a4.99b2.04
10.10.230.1,host 10.10.230.20 255.255.255.0,client-identifier 01f8.75a4.9de4.c3
10.11.2.1,host 10.11.2.20 255.255.255.0,client-identifier 01a4.bb6d.592b.fa
10.10.200.1,host 10.10.200.20 255.255.255.0,client-identifier 01f8.75a4.ab10.ee
10.10.215.1,host 10.10.215.20 255.255.255.0,client-identifier 0100.2b67.33d6.15
10.11.21.1,host 10.11.21.20 255.255.255.0,client-identifier 01a4.bb6d.7e8c.b3
10.10.241.1,host 10.10.241.20 255.255.255.0,client-identifier 01f8.75a4.9de6.51
10.10.224.1,host 10.10.224.20 255.255.255.0,client-identifier 0100.2b67.4126.23
10.10.229.1,host 10.10.229.20 255.255.255.0,client-identifier 01f8.75a4.9a15.08
10.10.233.1,host 10.10.233.20 255.255.255.0,client-identifier 01a4.bb6d.7f8d.ed
10.8.196.1,host 10.8.196.20 255.255.255.0,client-identifier 01a4.bb6d.7fa2.77
10.11.19.1,host 10.11.19.20 255.255.255.0,client-identifier 01a4.bb6d.7f71.bf
10.10.218.1,host 10.10.218.20 255.255.255.0,client-identifier 0100.2b67.5a93.07
10.10.237.1,host 10.10.237.20 255.255.255.0,client-identifier 01a4.bb6d.592d.51
10.10.219.1,host 10.10.219.20 255.255.255.0,client-identifier 0100.2b67.4c2b.e2
10.7.0.1,host 10.7.0.20 255.255.255.0,client-identifier 01a4.bb6d.5919.61
10.10.242.1,host 10.10.242.20 255.255.255.0,client-identifier 0100.2b67.3dc4.62
10.10.220.1,host 10.10.220.20 255.255.255.0,client-identifier 01a4.bb6d.592c.ea
10.10.119.1,host 10.10.119.20 255.255.255.0,client-identifier 0100.2b67.45d5.24
10.10.120.1,host 10.10.120.20 255.255.255.0,client-identifier 01f8.75a4.88b3.22
10.10.123.1,host 10.10.123.20 255.255.255.0,client-identifier 0100.2b67.4125.cc
10.10.54.1,host 10.10.54.20 255.255.255.0,client-identifier 0194.c691.3499.f2
10.10.121.1,host 10.10.121.20 255.255.255.0,client-identifier 0100.2b67.3038.00
10.10.53.1,host 10.10.53.20 255.255.255.0,client-identifier 0100.2b67.4c26.1f
10.10.101.1,host 10.10.101.20 255.255.255.0,client-identifier 01f8.75a4.88b3.29
10.10.118.1,host 10.10.118.20 255.255.255.0,client-identifier 0100.2b67.4772.68
10.10.52.1,host 10.10.52.20 255.255.255.0,client-identifier 01f8.75a4.8fa4.3c
10.10.221.1,host 10.10.221.20 255.255.255.0,client-identifier 01f8.75a4.9a17.36
10.10.145.1,host 10.10.145.20 255.255.255.0,client-identifier 01f8.75a4.9a15.07
10.10.155.1,host 10.10.155.20 255.255.255.0,client-identifier 0194.c691.3392.6e
10.10.140.1,host 10.10.140.20 255.255.255.0,client-identifier 0100.2b67.538a.fd
10.10.157.1,host 10.10.157.20 255.255.255.0,client-identifier 0194.c691.3391.d0
10.10.213.1,host 10.10.213.20 255.255.255.0,client-identifier 0100.2b67.4125.8f
10.10.160.1,host 10.10.160.20 255.255.255.0,client-identifier 01f8.75a4.9a14.ba
10.9.0.1,host 10.9.0.20 255.255.255.0,client-identifier 01a4.bb6d.592b.1a
10.10.55.1,host 10.10.55.20 255.255.255.0,client-identifier 0194.c691.349d.07
10.10.37.1,host 10.10.37.20 255.255.255.0,client-identifier 01f8.75a4.96ba.60
10.10.12.1,host 10.10.12.20 255.255.255.0,client-identifier 01d8.9ef3.1a1e.43
10.10.243.1,host 10.10.243.20 255.255.255.0,client-identifier 0100.2b67.4c36.3e
10.10.41.1,host 10.10.41.20 255.255.255.0,client-identifier 01f8.75a4.9a11.17
10.11.42.1,host 10.11.42.20 255.255.255.0,client-identifier 01a4.bb6d.7eb7.e2
10.11.15.1,host 10.11.15.20 255.255.255.0,client-identifier 01a4.bb6d.7fad.67
10.9.84.1,host 10.9.84.20 255.255.255.0,client-identifier 01a4.bb6d.591e.f9
10.11.3.1,host 10.11.3.20 255.255.255.0,client-identifier 01a4.bb6d.7f92.65
10.11.8.1,host 10.11.8.20 255.255.255.0,client-identifier 01a4.bb6d.7f84.37
10.10.227.1,host 10.10.227.20 255.255.255.0,client-identifier 0100.2b67.4c28.ba
10.9.85.1,host 10.9.85.20 255.255.255.0,client-identifier 01a4.bb6d.7fad.82
10.11.44.1,host 10.11.44.20 255.255.255.0,client-identifier 01a4.bb6d.7bc1.22
10.9.94.1,host 10.9.94.20 255.255.255.0,client-identifier 01a4.bb6d.7e2c.73
10.11.18.1,host 10.11.18.20 255.255.255.0,client-identifier 01a4.bb6d.7f76.b1
10.10.205.1,host 10.10.205.20 255.255.255.0,client-identifier 01f8.75a4.96b8.e1
10.10.234.1,host 10.10.234.20 255.255.255.0,client-identifier 0100.2b67.4c2e.af
10.11.22.1,host 10.11.22.20 255.255.255.0,client-identifier 01a4.bb6d.7fc8.0f
10.9.81.1,host 10.9.81.20 255.255.255.0,client-identifier 01a4.bb6d.7bd2.10
10.10.238.1,host 10.10.238.20 255.255.255.0,client-identifier 0100.2b67.45dc.ff
10.10.144.1,host 10.10.144.20 255.255.255.0,client-identifier 01f8.75a4.ab0f.f3
10.10.162.1,host 10.10.162.20 255.255.255.0,client-identifier 0194.c691.f5ba.ec
10.10.125.1,host 10.10.125.20 255.255.255.0,client-identifier 01f8.75a4.9de5.91
10.10.139.1,host 10.10.139.20 255.255.255.0,client-identifier 0100.2b67.5a90.1e
10.10.110.1,host 10.10.110.20 255.255.255.0,client-identifier 0194.c691.3497.86
10.10.161.1,host 10.10.161.20 255.255.255.0,client-identifier 01f8.75a4.88b2.ad
10.10.45.1,host 10.10.45.20 255.255.255.0,client-identifier 01f8.75a4.9de7.73
10.10.143.1,host 10.10.143.20 255.255.255.0,client-identifier 01f8.75a4.ab0e.be
10.10.97.1,host 10.10.97.20 255.255.255.0,client-identifier 0194.c691.349a.22
10.10.142.1,host 10.10.142.20 255.255.255.0,client-identifier 0194.c691.3391.eb
10.10.179.1,host 10.10.179.20 255.255.255.0,client-identifier 01f8.75a4.92af.28
10.11.41.1,host 10.11.41.20 255.255.255.0,client-identifier 01a4.bb6d.7f54.97
10.10.96.1,host 10.10.96.20 255.255.255.0,client-identifier 0194.c691.349e.9f
10.10.94.1,host 10.10.94.20 255.255.255.0,client-identifier 0194.c691.3493.f8
10.10.176.1,host 10.10.176.20 255.255.255.0,client-identifier 0194.c691.3392.c9
10.10.98.1,host 10.10.98.20 255.255.255.0,client-identifier 0194.c691.3393.4a
10.10.99.1,host 10.10.99.20 255.255.255.0,client-identifier 0194.c691.3493.28
10.10.39.1,host 10.10.39.20 255.255.255.0,client-identifier 0100.2b67.4c1b.87
10.10.180.1,host 10.10.180.20 255.255.255.0,client-identifier 0100.2b67.33d6.1b
10.11.32.1,host 10.11.32.20 255.255.255.0,client-identifier 01a4.bb6d.7e48.a0
10.11.4.1,host 10.11.4.20 255.255.255.0,client-identifier 01d8.9ef3.1a20.9a
10.10.112.1,host 10.10.112.20 255.255.255.0,client-identifier 0194.c691.3492.d1
10.10.42.1,host 10.10.42.20 255.255.255.0,client-identifier 0100.2b67.3e64.9b
10.10.95.1,host 10.10.95.20 255.255.255.0,client-identifier 01f8.75a4.ab16.55
10.11.5.1,host 10.11.5.20 255.255.255.0,client-identifier 01a4.bb6d.592d.60
10.10.177.1,host 10.10.177.20 255.255.255.0,client-identifier 01a4.bb6d.592b.b9
10.10.92.1,host 10.10.92.20 255.255.255.0,client-identifier 01a4.bb6d.591c.cc
10.10.91.1,host 10.10.91.20 255.255.255.0,client-identifier 0194.c691.3396.9a
10.11.20.1,host 10.11.20.20 255.255.255.0,client-identifier 01a4.bb6d.800e.01
10.10.244.1,host 10.10.244.20 255.255.255.0,client-identifier 01f8.75a4.9de0.4d
10.11.43.1,host 10.11.43.20 255.255.255.0,client-identifier 01a4.bb6d.7ec1.1e
10.10.201.1,host 10.10.201.20 255.255.255.0,client-identifier 01f8.75a4.ab17.4d
10.10.202.1,host 10.10.202.20 255.255.255.0,client-identifier 0100.2b67.4127.9c
10.9.82.1,host 10.9.82.20 255.255.255.0,client-identifier 01a4.bb6d.7e32.c3
10.10.208.1,host 10.10.208.20 255.255.255.0,client-identifier 0100.2b67.51bb.d0
10.10.11.1,host 10.10.11.20 255.255.255.0,client-identifier 0100.2b67.45df.53
10.10.46.1,host 10.10.46.20 255.255.255.0,client-identifier 01f8.75a4.9dd9.b8
10.10.38.1,host 10.10.38.20 255.255.255.0,client-identifier 01f8.75a4.9a11.1e
10.10.109.1,host 10.10.109.20 255.255.255.0,client-identifier 0194.c691.348e.49
10.10.51.1,host 10.10.51.20 255.255.255.0,client-identifier 01d8.9ef3.1a1a.f7
10.10.50.1,host 10.10.50.20 255.255.255.0,client-identifier 01f8.75a4.9a0d.dd
10.11.35.1,host 10.11.35.20 255.255.255.0,client-identifier 01a4.bb6d.7eaa.48
10.10.48.1,host 10.10.48.20 255.255.255.0,client-identifier 0100.2b67.3020.f5
10.10.93.1,host 10.10.93.20 255.255.255.0,client-identifier 01f8.75a4.8dcd.d5
10.11.40.1,host 10.11.40.20 255.255.255.0,client-identifier 01a4.bb6d.7f54.c7
10.10.226.1,host 10.10.226.20 255.255.255.0,client-identifier 0100.2b67.4c2e.a6
10.10.105.1,host 10.10.105.20 255.255.255.0,client-identifier 0194.c691.3396.7b
10.10.104.1,host 10.10.104.20 255.255.255.0,client-identifier 0194.c691.3492.f7
10.10.236.1,host 10.10.236.20 255.255.255.0,client-identifier 0100.2b67.45d6.54
10.10.102.1,host 10.10.102.20 255.255.255.0,client-identifier 0194.c691.360a.00
10.10.43.1,host 10.10.43.20 255.255.255.0,client-identifier 0194.c691.3488.fc
10.11.34.1,host 10.11.34.20 255.255.255.0,client-identifier 01a4.bb6d.7e49.7d
10.10.210.1,host 10.10.210.20 255.255.255.0,client-identifier 01f8.75a4.9dd9.eb
10.10.193.1,host 10.10.193.20 255.255.255.0,client-identifier 0100.2b67.3e71.4f
10.10.154.1,host 10.10.154.20 255.255.255.0,client-identifier 01f8.75a4.9ddf.57
10.11.10.1,host 10.11.10.20 255.255.255.0,client-identifier 01a4.bb6d.7bcd.9b
10.10.152.1,host 10.10.152.20 255.255.255.0,client-identifier 01f8.75a4.9de8.6c
10.11.9.1,host 10.11.9.20 255.255.255.0,client-identifier 01a4.bb6d.7f70.4b
10.11.14.1,host 10.11.14.20 255.255.255.0,client-identifier 01a4.bb6d.7ed1.52
10.11.23.1,host 10.11.23.20 255.255.255.0,client-identifier 01a4.bb6d.7e44.13
10.11.77.1,host 10.11.77.20 255.255.255.0,client-identifier 016c.2408.3786.21
10.11.76.1,host 10.11.76.20 255.255.255.0,client-identifier 016c.2408.408c.57
10.11.60.1,host 10.11.60.20 255.255.255.0,client-identifier 016c.2408.40a5.c1
10.11.64.1,host 10.11.64.20 255.255.255.0,client-identifier 016c.2408.4b8e.9d
10.11.72.1,host 10.11.72.20 255.255.255.0,client-identifier 016c.2408.4b7b.9b
10.11.55.1,host 10.11.55.20 255.255.255.0,client-identifier 016c.2408.4b95.31
10.11.116.1,host 10.11.116.20 255.255.255.0,client-identifier 016c.2408.378b.d3
10.11.80.1,host 10.11.80.20 255.255.255.0,client-identifier 016c.2408.4b64.99
10.11.54.1,host 10.11.54.20 255.255.255.0,client-identifier 016c.2408.645c.b0
10.11.115.1,host 10.11.115.20 255.255.255.0,client-identifier 016c.2408.4796.57
10.11.53.1,host 10.11.53.20 255.255.255.0,client-identifier 016c.2408.479b.59
10.11.75.1,host 10.11.75.20 255.255.255.0,client-identifier 016c.2408.6458.d0
10.11.74.1,host 10.11.74.20 255.255.255.0,client-identifier 016c.2408.4b71.ed
10.11.71.1,host 10.11.71.20 255.255.255.0,client-identifier 016c.2408.645b.d8
10.11.124.1,host 10.11.124.20 255.255.255.0,client-identifier 016c.2408.4b77.6d
10.11.114.1,host 10.11.114.20 255.255.255.0,client-identifier 016c.2408.4b86.2a
10.11.97.1,host 10.11.97.20 255.255.255.0,client-identifier 016c.2408.3784.ed
10.11.49.1,host 10.11.49.20 255.255.255.0,client-identifier 016c.2408.3778.73
10.11.50.1,host 10.11.50.20 255.255.255.0,client-identifier 016c.2408.4b97.80
10.11.65.1,host 10.11.65.20 255.255.255.0,client-identifier 016c.2408.4b97.8a
10.11.121.1,host 10.11.121.20 255.255.255.0,client-identifier 016c.2408.2846.a9
10.11.122.1,host 10.11.122.20 255.255.255.0,client-identifier 016c.2408.4b7e.e8
10.11.67.1,host 10.11.67.20 255.255.255.0,client-identifier 016c.2408.4b7a.95
10.11.68.1,host 10.11.68.20 255.255.255.0,client-identifier 016c.2408.4b72.69
10.11.57.1,host 10.11.57.20 255.255.255.0,client-identifier 016c.2408.4b9c.6d
10.11.78.1,host 10.11.78.20 255.255.255.0,client-identifier 016c.2408.6456.53
10.11.58.1,host 10.11.58.20 255.255.255.0,client-identifier 016c.2408.645a.91
10.11.112.1,host 10.11.112.20 255.255.255.0,client-identifier 016c.2408.6460.c2
10.11.102.1,host 10.11.102.20 255.255.255.0,client-identifier 016c.2408.378b.45
10.11.103.1,host 10.11.103.20 255.255.255.0,client-identifier 016c.2408.6456.3e
10.11.110.1,host 10.11.110.20 255.255.255.0,client-identifier 016c.2408.4b9b.ea
10.11.138.1,host 10.11.138.20 255.255.255.0,client-identifier 016c.2408.645f.e6
10.11.84.1,host 10.11.84.20 255.255.255.0,client-identifier 016c.2408.4b8c.0f
10.11.87.1,host 10.11.87.20 255.255.255.0,client-identifier 016c.2408.478a.ff
10.11.123.1,host 10.11.123.20 255.255.255.0,client-identifier 016c.2408.4b79.95
10.11.92.1,host 10.11.92.20 255.255.255.0,client-identifier 016c.2408.645f.80
10.11.96.1,host 10.11.96.20 255.255.255.0,client-identifier 016c.2408.40af.80
10.11.94.1,host 10.11.94.20 255.255.255.0,client-identifier 016c.2408.6457.1a
10.11.101.1,host 10.11.101.20 255.255.255.0,client-identifier 016c.2408.645d.60
10.11.168.1,host 10.11.168.20 255.255.255.0,client-identifier 016c.2408.47a5.bb
10.11.140.1,host 10.11.140.20 255.255.255.0,client-identifier 016c.2408.4778.ac
10.11.166.1,host 10.11.166.20 255.255.255.0,client-identifier 016c.2408.6457.ed
10.11.69.1,host 10.11.69.20 255.255.255.0,client-identifier 016c.2408.378a.ea
10.11.173.1,host 10.11.173.20 255.255.255.0,client-identifier 016c.2408.645d.a0
10.11.118.1,host 10.11.118.20 255.255.255.0,client-identifier 016c.2408.4789.a2
10.11.142.1,host 10.11.142.20 255.255.255.0,client-identifier 016c.2408.4b99.02
10.11.139.1,host 10.11.139.20 255.255.255.0,client-identifier 016c.2408.4b9b.38
10.11.146.1,host 10.11.146.20 255.255.255.0,client-identifier 016c.2408.4b75.7b
10.11.211.1,host 10.11.211.20 255.255.255.0,client-identifier 016c.2408.479c.97
10.11.130.1,host 10.11.130.20 255.255.255.0,client-identifier 016c.2408.4b7e.e9
